{"stats":{"minecraft:crafted":{"minecraft:oak_planks":188,"simplyswords:iron_twinblade":2,"comforts:sleeping_bag_white":1,"minecraft:furnace":1,"minecraft:cooked_mutton":9,"minecraft:iron_axe":1,"minecraft:stone_pickaxe":2,"minecraft:oak_button":3,"minecraft:cooked_porkchop":7,"minecraft:crafting_table":4,"minecraft:wooden_pickaxe":1,"minecraft:birch_planks":442,"minecraft:stone_axe":2,"minecraft:iron_chestplate":1,"minecraft:shield":2,"minecraft:stick":64,"minecraft:iron_ingot":13,"minecraft:iron_pickaxe":1,"minecraft:wooden_axe":4,"minecraft:stone_sword":1,"minecraft:torch":64},"minecraft:picked_up":{"minecraft:crafting_table":9,"minecraft:chicken":1,"minecraft:brown_mushroom":1,"gravestone:obituary":3,"minecraft:blue_orchid":1,"minecraft:cobbled_deepslate":18,"comforts:sleeping_bag_white":3,"minecraft:spruce_planks":1,"minecraft:beef":7,"minecraft:birch_sapling":6,"minecraft:egg":1,"minecraft:furnace":6,"minecraft:raw_iron":47,"minecraft:stick":3,"minecraft:brown_terracotta":3,"minecraft:torch":13,"minecraft:spruce_fence":9,"minecraft:porkchop":9,"minecraft:dark_oak_planks":4,"minecraft:arrow":5,"minecraft:rotten_flesh":27,"minecraft:diamond_boots":1,"supplementaries:ash":2,"minecraft:mutton":27,"minecraft:white_wool":14,"minecraft:cobblestone":178,"minecraft:birch_log":111,"minecraft:feather":1,"minecraft:andesite":28,"minecraft:birch_planks":7,"minecraft:oak_log":31,"minecraft:dirt":34,"minecraft:bone":9,"minecraft:wheat_seeds":1,"minecraft:iron_ingot":8,"minecraft:oak_planks":27,"minecraft:black_terracotta":2,"minecraft:stone_brick_slab":1,"minecraft:dandelion":1,"minecraft:white_bed":1,"minecraft:oak_wood":16,"minecraft:emerald":1,"minecraft:oak_button":3,"minecraft:coal":214,"minecraft:oak_sapling":1,"minecraft:black_wool":1,"minecraft:dark_oak_fence":1},"minecraft:mined":{"minecraft:dark_oak_planks":4,"minecraft:spruce_planks":3,"minecraft:white_bed":1,"minecraft:black_terracotta":2,"gravestone:gravestone":15,"minecraft:ladder":2,"minecraft:dark_oak_fence":2,"minecraft:grass_block":7,"minecraft:spruce_fence":12,"minecraft:furnace":6,"minecraft:iron_ore":32,"minecraft:cobbled_deepslate":1,"minecraft:andesite":38,"minecraft:deepslate_iron_ore":8,"minecraft:stone":151,"minecraft:stone_brick_slab":1,"minecraft:crafting_table":10,"minecraft:torch":1,"minecraft:oak_wood":16,"minecraft:cobblestone":10,"minecraft:oak_planks":18,"minecraft:birch_planks":8,"minecraft:birch_log":113,"minecraft:birch_leaves":39,"minecraft:grass":19,"minecraft:coal_ore":94,"minecraft:oak_log":31,"minecraft:dirt":9,"minecraft:brown_terracotta":3,"minecraft:oak_leaves":14,"minecraft:deepslate":22},"minecraft:killed_by":{"minecraft:creeper":2,"minecraft:skeleton":12,"minecraft:zombie":10},"minecraft:used":{"minecraft:stone_sword":110,"minecraft:shield":44,"minecraft:torch":61,"minecraft:dirt":23,"minecraft:mutton":1,"minecraft:wooden_axe":74,"minecraft:dark_oak_planks":2,"minecraft:iron_axe":145,"minecraft:iron_boots":1,"minecraft:furnace":6,"minecraft:oak_sapling":1,"comforts:sleeping_bag_white":3,"minecraft:cobbled_deepslate":17,"minecraft:cooked_mutton":9,"minecraft:birch_planks":253,"minecraft:stone_pickaxe":265,"minecraft:oak_planks":134,"minecraft:wooden_pickaxe":40,"minecraft:glow_berries":7,"minecraft:crafting_table":12,"simplyswords:iron_twinblade":55,"minecraft:crossbow":3,"minecraft:white_bed":1,"minecraft:apple":3,"minecraft:bread":8,"minecraft:iron_pickaxe":81,"minecraft:stone_axe":77,"minecraft:cobblestone":150,"minecraft:cooked_porkchop":7},"minecraft:dropped":{"minecraft:brown_mushroom":1,"minecraft:crafting_table":1,"minecraft:crossbow":1,"minecraft:feather":1,"minecraft:coal":1,"minecraft:stick":11,"minecraft:dirt":10,"minecraft:dark_oak_fence":1,"minecraft:wooden_axe":1,"gravestone:obituary":20,"minecraft:white_wool":2,"minecraft:furnace":1,"minecraft:stone_sword":1,"simplyswords:iron_twinblade":2,"minecraft:birch_sapling":5,"minecraft:chicken":1,"minecraft:rotten_flesh":27,"minecraft:oak_planks":4,"minecraft:spruce_fence":4,"supplementaries:ash":2,"minecraft:shield":1,"minecraft:oak_button":6,"minecraft:spruce_planks":1,"minecraft:andesite":24,"minecraft:arrow":4,"minecraft:wooden_pickaxe":1,"minecraft:black_wool":1,"minecraft:egg":1},"minecraft:killed":{"minecraft:skeleton":6,"minecraft:chicken":1,"minecraft:pig":5,"minecraft:sheep":17,"minecraft:pillager":2,"minecraft:zombie":10,"minecraft:cow":2},"minecraft:custom":{"minecraft:mob_kills":46,"minecraft:interact_with_anvil":1,"minecraft:interact_with_crafting_table":19,"minecraft:open_barrel":2,"minecraft:time_since_death":23066,"minecraft:climb_one_cm":1134,"minecraft:sprint_one_cm":302761,"minecraft:walk_one_cm":468164,"minecraft:damage_blocked_by_shield":2640,"minecraft:drop":127,"minecraft:talked_to_villager":1,"minecraft:play_time":139575,"minecraft:deaths":24,"minecraft:sneak_time":9415,"minecraft:walk_under_water_one_cm":214,"minecraft:jump":2195,"minecraft:walk_on_water_one_cm":4128,"minecraft:total_world_time":139575,"minecraft:interact_with_furnace":26,"minecraft:sleep_in_bed":3,"minecraft:time_since_rest":12849,"minecraft:damage_taken":8456,"minecraft:damage_dealt":5312,"minecraft:swim_one_cm":3830,"minecraft:fly_one_cm":232330,"minecraft:open_chest":11,"minecraft:crouch_one_cm":23183,"minecraft:fall_one_cm":44637},"minecraft:broken":{"minecraft:stone_pickaxe":2,"minecraft:diamond_boots":1,"minecraft:stone_axe":1}},"DataVersion":3465}