{"stats":{"minecraft:crafted":{"minecraft:oak_planks":48,"minecraft:cooked_porkchop":7,"minecraft:crafting_table":1,"minecraft:stick":12,"minecraft:wooden_pickaxe":1,"minecraft:stone_pickaxe":1,"minecraft:wooden_axe":1,"minecraft:stone_sword":1,"minecraft:furnace":1,"minecraft:oak_button":3,"minecraft:stone_axe":1},"minecraft:picked_up":{"minecraft:stick":3,"minecraft:crafting_table":3,"minecraft:feather":1,"minecraft:chicken":1,"minecraft:porkchop":7,"minecraft:oak_log":12,"minecraft:dirt":25,"minecraft:rotten_flesh":12,"minecraft:diamond_boots":1,"supplementaries:ash":1,"minecraft:oak_sapling":1,"minecraft:mutton":5,"minecraft:oak_planks":9,"minecraft:coal":22,"minecraft:white_wool":2,"minecraft:cobblestone":52,"minecraft:furnace":1},"minecraft:mined":{"minecraft:furnace":1,"minecraft:crafting_table":3,"gravestone:gravestone":2,"minecraft:grass":5,"minecraft:coal_ore":22,"minecraft:grass_block":2,"minecraft:oak_log":12,"minecraft:dirt":5,"minecraft:cobblestone":3,"minecraft:stone":48,"minecraft:oak_leaves":3},"minecraft:killed_by":{"minecraft:skeleton":2},"minecraft:used":{"minecraft:wooden_axe":1,"minecraft:stone_sword":110,"minecraft:stone_pickaxe":46,"minecraft:wooden_pickaxe":40,"minecraft:stone_axe":68,"minecraft:cobblestone":13,"minecraft:mutton":1,"minecraft:crafting_table":3,"minecraft:furnace":1,"minecraft:oak_sapling":1,"minecraft:cooked_porkchop":3},"minecraft:killed":{"minecraft:skeleton":1,"minecraft:sheep":3,"minecraft:zombie":6,"minecraft:pig":4,"minecraft:chicken":1},"minecraft:custom":{"minecraft:time_since_rest":14583,"minecraft:interact_with_furnace":4,"minecraft:sprint_one_cm":40648,"minecraft:damage_taken":898,"minecraft:walk_one_cm":103168,"minecraft:mob_kills":16,"minecraft:damage_dealt":2018,"minecraft:interact_with_crafting_table":3,"minecraft:fly_one_cm":38588,"minecraft:crouch_one_cm":7053,"minecraft:play_time":25575,"minecraft:deaths":2,"minecraft:sneak_time":3935,"minecraft:jump":303,"minecraft:time_since_death":14547,"minecraft:total_world_time":25575,"minecraft:climb_one_cm":234,"minecraft:fall_one_cm":7074},"minecraft:broken":{"minecraft:stone_axe":1}},"DataVersion":3465}