{"stats":{"minecraft:custom":{"minecraft:jump":176,"minecraft:time_since_rest":1166,"minecraft:damage_dealt":172,"minecraft:deaths":2,"minecraft:sprint_one_cm":19435,"minecraft:play_time":7278,"minecraft:damage_taken":500,"minecraft:time_since_death":1117,"minecraft:walk_one_cm":17470,"minecraft:total_world_time":7278,"minecraft:mob_kills":1,"minecraft:drop":1,"minecraft:fall_one_cm":5246,"minecraft:fly_one_cm":41240},"minecraft:killed":{"minecraft:spider":1},"minecraft:dropped":{"gravestone:obituary":1},"minecraft:killed_by":{"minecraft:zombie":1,"minecraft:spider":1}},"DataVersion":3465}