{"stats":{"minecraft:crafted":{"minecraft:oak_planks":48,"minecraft:cooked_porkchop":7,"minecraft:shield":1,"minecraft:crafting_table":1,"minecraft:stick":32,"minecraft:iron_ingot":3,"minecraft:wooden_pickaxe":1,"minecraft:stone_pickaxe":1,"minecraft:wooden_axe":1,"minecraft:stone_sword":1,"minecraft:furnace":1,"minecraft:oak_button":3,"minecraft:torch":24,"minecraft:stone_axe":2,"minecraft:cooked_mutton":4},"minecraft:picked_up":{"minecraft:raw_iron":3,"minecraft:stick":3,"minecraft:crafting_table":4,"minecraft:feather":1,"minecraft:chicken":1,"minecraft:porkchop":7,"minecraft:oak_log":12,"gravestone:obituary":2,"minecraft:dirt":26,"minecraft:rotten_flesh":24,"minecraft:diamond_boots":1,"minecraft:oak_button":3,"supplementaries:ash":2,"minecraft:oak_sapling":1,"minecraft:mutton":5,"minecraft:oak_planks":9,"minecraft:coal":104,"minecraft:egg":1,"minecraft:white_wool":2,"minecraft:cobblestone":87,"minecraft:furnace":2},"minecraft:mined":{"minecraft:furnace":2,"minecraft:iron_ore":3,"minecraft:crafting_table":4,"gravestone:gravestone":4,"minecraft:grass":6,"minecraft:coal_ore":66,"minecraft:grass_block":3,"minecraft:oak_log":12,"minecraft:dirt":5,"minecraft:cobblestone":3,"minecraft:stone":81,"minecraft:oak_leaves":3},"minecraft:killed_by":{"minecraft:skeleton":4},"minecraft:used":{"minecraft:cooked_mutton":2,"minecraft:wooden_axe":1,"minecraft:stone_sword":110,"minecraft:stone_pickaxe":129,"minecraft:wooden_pickaxe":40,"minecraft:torch":7,"minecraft:stone_axe":76,"minecraft:cobblestone":15,"minecraft:mutton":1,"minecraft:crafting_table":5,"minecraft:furnace":3,"minecraft:oak_sapling":1,"minecraft:cooked_porkchop":4},"minecraft:dropped":{"supplementaries:ash":1,"minecraft:oak_button":3,"minecraft:feather":1,"minecraft:chicken":1,"gravestone:obituary":2,"minecraft:rotten_flesh":12},"minecraft:killed":{"minecraft:skeleton":1,"minecraft:sheep":3,"minecraft:zombie":7,"minecraft:pig":4,"minecraft:chicken":1},"minecraft:custom":{"minecraft:time_since_rest":4594,"minecraft:interact_with_furnace":12,"minecraft:sprint_one_cm":76401,"minecraft:damage_taken":1563,"minecraft:walk_one_cm":140889,"minecraft:mob_kills":17,"minecraft:drop":20,"minecraft:damage_dealt":2229,"minecraft:interact_with_crafting_table":7,"minecraft:fly_one_cm":67496,"minecraft:crouch_one_cm":9273,"minecraft:play_time":37575,"minecraft:deaths":4,"minecraft:sneak_time":5142,"minecraft:jump":535,"minecraft:time_since_death":4550,"minecraft:total_world_time":37575,"minecraft:climb_one_cm":234,"minecraft:fall_one_cm":12668},"minecraft:broken":{"minecraft:stone_axe":1}},"DataVersion":3465}