{"stats":{"minecraft:killed":{"minecraft:spider":4,"minecraft:skeleton":15,"minecraft:chicken":1,"minecraft:wolf":1,"minecraft:pig":5,"minecraft:sheep":20,"minecraft:pillager":6,"minecraft:zombie":17,"minecraft:cow":12,"minecraft:vindicator":1},"minecraft:killed_by":{"minecraft:creeper":2,"minecraft:vindicator":1,"minecraft:zombie":10,"minecraft:husk":1,"minecraft:skeleton":12},"minecraft:picked_up":{"minecraft:iron_chestplate":2,"minecraft:wheat":331,"minecraft:anvil":1,"minecraft:lead":2,"minecraft:oak_stairs":48,"minecraft:enchanted_book":2,"minecraft:string":6,"another_furniture:oak_shelf":2,"minecraft:raw_copper":54,"minecraft:diamond_leggings":1,"minecraft:gold_nugget":134,"minecraft:cobbled_deepslate":18,"comforts:sleeping_bag_white":11,"minecraft:spruce_planks":1,"minecraft:warped_slab":2,"minecraft:cobblestone_slab":35,"minecraft:iron_pickaxe":4,"minecraft:furnace":7,"minecraft:iron_boots":6,"minecraft:stick":84,"minecraft:brown_terracotta":3,"minecraft:oak_fence":14,"minecraft:torch":84,"minecraft:spruce_stairs":2,"minecraft:porkchop":9,"minecraft:warped_planks":12,"minecraft:warped_door":1,"minecraft:rotten_flesh":32,"minecraft:vex_armor_trim_smithing_template":4,"minecraft:red_tulip":5,"immersive_melodies:flute":3,"supplementaries:ash":3,"minecraft:cobblestone":1666,"minecraft:birch_log":111,"minecraft:feather":1,"minecraft:iron_door":1,"minecraft:andesite":29,"minecraft:smoker":4,"minecraft:flint":8,"minecraft:warped_trapdoor":1,"minecraft:dirt":349,"minecraft:lantern":25,"minecraft:bone":66,"minecraft:stonecutter":1,"minecraft:bow":1,"minecraft:wheat_seeds":337,"minecraft:bell":3,"minecraft:oak_planks":352,"minecraft:black_terracotta":2,"minecraft:sand":13,"minecraft:stripped_spruce_log":12,"minecraft:dark_prismarine":7,"minecraft:white_candle":22,"minecraft:bone_meal":1,"minecraft:golden_apple":3,"minecraft:emerald":3,"minecraft:spruce_sign":3,"minecraft:bread":49,"minecraft:oak_sapling":9,"minecraft:dark_oak_fence":1,"minecraft:crafting_table":24,"minecraft:charcoal":2,"minecraft:azure_bluet":7,"minecraft:stripped_warped_hyphae":7,"minecraft:chicken":1,"minecraft:ladder":1,"simplyswords:iron_sai":1,"minecraft:leather_leggings":2,"minecraft:brown_mushroom":1,"gravestone:obituary":3,"minecraft:red_bed":1,"minecraft:oak_trapdoor":11,"minecraft:moss_carpet":6,"minecraft:blue_orchid":1,"minecraft:candle":6,"minecraft:dark_prismarine_stairs":1,"minecraft:beef":26,"minecraft:oak_boat":4,"minecraft:spruce_slab":6,"minecraft:light_gray_wool":9,"minecraft:sugar_cane":8,"minecraft:chest":8,"minecraft:birch_sapling":6,"minecraft:spruce_trapdoor":3,"minecraft:egg":1,"minecraft:raw_iron":53,"minecraft:oak_door":13,"minecraft:spruce_fence":11,"minecraft:prismarine_crystals":6,"minecraft:dark_oak_planks":4,"minecraft:arrow":36,"minecraft:deepslate_bricks":1,"minecraft:diamond_boots":2,"minecraft:oak_chest_boat":2,"minecraft:mutton":31,"minecraft:white_wool":21,"minecraft:skeleton_skull":3,"minecraft:bone_block":119,"minecraft:stripped_oak_log":56,"minecraft:leather":12,"minecraft:filled_map":3,"minecraft:birch_planks":10,"simplyswords:iron_claymore":1,"minecraft:oak_log":293,"minecraft:yellow_bed":6,"minecraft:gunpowder":1,"minecraft:cobblestone_stairs":38,"minecraft:cooked_mutton":1,"minecraft:apple":20,"minecraft:stone_bricks":1,"minecraft:wild_armor_trim_smithing_template":4,"minecraft:iron_ingot":94,"minecraft:book":39,"minecraft:oak_slab":87,"minecraft:pumpkin":3,"minecraft:stone_brick_slab":3,"minecraft:dandelion":3,"minecraft:gravel":98,"minecraft:white_bed":4,"minecraft:spruce_log":5,"minecraft:leather_helmet":1,"minecraft:oak_wood":16,"minecraft:oak_button":3,"minecraft:black_wool":1,"minecraft:coal":262},"minecraft:custom":{"minecraft:interact_with_crafting_table":122,"minecraft:open_barrel":23,"minecraft:bell_ring":12,"minecraft:leave_game":4,"minecraft:time_since_death":316095,"minecraft:sprint_one_cm":1101064,"minecraft:damage_blocked_by_shield":6025,"minecraft:drop":257,"minecraft:talked_to_villager":33,"minecraft:play_time":640479,"minecraft:deaths":26,"minecraft:jump":5192,"minecraft:walk_on_water_one_cm":93045,"minecraft:interact_with_furnace":55,"minecraft:interact_with_loom":1,"minecraft:sleep_in_bed":33,"minecraft:damage_dealt":12661,"minecraft:player_kills":1,"minecraft:crouch_one_cm":77310,"minecraft:interact_with_smoker":12,"minecraft:mob_kills":90,"minecraft:interact_with_anvil":10,"minecraft:climb_one_cm":19516,"minecraft:walk_one_cm":2218261,"minecraft:sneak_time":26106,"minecraft:walk_under_water_one_cm":153382,"minecraft:boat_one_cm":1204611,"minecraft:interact_with_lectern":5,"minecraft:interact_with_blast_furnace":17,"minecraft:total_world_time":640479,"minecraft:interact_with_stonecutter":1,"minecraft:time_since_rest":2428,"minecraft:damage_taken":11243,"minecraft:swim_one_cm":69365,"minecraft:fly_one_cm":727999,"minecraft:open_chest":330,"minecraft:fall_one_cm":90176},"minecraft:used":{"minecraft:iron_shovel":483,"minecraft:spruce_slab":1,"minecraft:ladder":68,"minecraft:chest":29,"minecraft:shield":112,"minecraft:bell":2,"minecraft:white_candle":9,"minecraft:mutton":1,"minecraft:stripped_spruce_log":6,"minecraft:lantern":89,"minecraft:stone_bricks":64,"minecraft:bow":5,"minecraft:oak_sapling":3,"minecraft:furnace":12,"minecraft:oak_chest_boat":4,"minecraft:stone_pickaxe":265,"minecraft:oak_planks":341,"minecraft:wooden_pickaxe":40,"minecraft:sugar_cane":8,"minecraft:glow_berries":7,"minecraft:sand":3,"minecraft:blast_furnace":3,"minecraft:crossbow":3,"minecraft:heavy_weighted_pressure_plate":2,"minecraft:bread":49,"minecraft:iron_door":3,"minecraft:andesite":1,"minecraft:oak_boat":7,"another_furniture:oak_shelf":2,"minecraft:bone_meal":1,"minecraft:oak_fence":75,"minecraft:oak_trapdoor":58,"simplyswords:iron_claymore":92,"minecraft:stone_sword":110,"minecraft:oak_door":7,"minecraft:torch":119,"minecraft:dirt":207,"minecraft:anvil":1,"minecraft:stone_brick_slab":2,"minecraft:dark_oak_planks":2,"minecraft:wooden_axe":74,"minecraft:iron_axe":1054,"minecraft:oak_stairs":66,"minecraft:iron_boots":1,"comforts:sleeping_bag_white":11,"minecraft:cooked_beef":3,"minecraft:cobbled_deepslate":17,"another_furniture:oak_drawer":2,"minecraft:wheat_seeds":111,"minecraft:cooked_mutton":26,"minecraft:cobblestone_stairs":156,"minecraft:birch_planks":263,"minecraft:cobblestone_slab":53,"minecraft:oak_slab":635,"minecraft:crafting_table":20,"minecraft:red_bed":2,"simplyswords:iron_twinblade":171,"minecraft:white_bed":4,"minecraft:smoker":5,"minecraft:oak_log":25,"minecraft:apple":3,"minecraft:oak_button":2,"minecraft:iron_pickaxe":1834,"minecraft:spruce_trapdoor":2,"minecraft:stone_axe":77,"minecraft:cobblestone":1050,"minecraft:cooked_porkchop":7,"minecraft:yellow_bed":5,"minecraft:stripped_oak_log":7},"minecraft:dropped":{"minecraft:spruce_sign":2,"minecraft:brown_mushroom":1,"minecraft:crafting_table":20,"minecraft:crossbow":1,"minecraft:lantern":1,"minecraft:cobblestone_stairs":5,"minecraft:stripped_warped_hyphae":2,"minecraft:dirt":11,"minecraft:dark_oak_fence":1,"gravestone:obituary":22,"minecraft:white_wool":2,"simplyswords:iron_sai":1,"simplyswords:iron_twinblade":2,"minecraft:birch_sapling":5,"immersive_melodies:flute":1,"minecraft:rotten_flesh":30,"minecraft:oak_planks":112,"minecraft:cooked_mutton":1,"minecraft:azure_bluet":1,"minecraft:warped_planks":4,"supplementaries:ash":2,"minecraft:skeleton_skull":3,"comforts:sleeping_bag_white":1,"minecraft:spruce_slab":4,"minecraft:arrow":4,"minecraft:egg":1,"minecraft:bread":9,"minecraft:oak_slab":3,"minecraft:stripped_spruce_log":6,"minecraft:wheat_seeds":1,"minecraft:diamond_leggings":1,"minecraft:feather":1,"minecraft:prismarine_crystals":3,"minecraft:apple":11,"minecraft:spruce_stairs":1,"minecraft:coal":1,"minecraft:stick":73,"minecraft:warped_slab":2,"minecraft:wooden_axe":1,"minecraft:oak_stairs":1,"minecraft:string":2,"minecraft:dandelion":3,"minecraft:furnace":1,"minecraft:oak_trapdoor":1,"minecraft:dark_prismarine_stairs":1,"minecraft:stone_sword":1,"minecraft:chicken":1,"minecraft:smoker":1,"minecraft:warped_door":1,"minecraft:spruce_fence":6,"minecraft:deepslate_bricks":1,"minecraft:filled_map":3,"minecraft:shield":2,"minecraft:oak_button":6,"minecraft:spruce_trapdoor":1,"minecraft:spruce_planks":1,"minecraft:iron_chestplate":2,"minecraft:andesite":24,"minecraft:oak_sapling":2,"minecraft:spruce_log":5,"minecraft:wooden_pickaxe":1,"minecraft:dark_prismarine":7,"simplyswords:iron_claymore":2,"minecraft:black_wool":1},"minecraft:crafted":{"minecraft:smooth_stone":9,"minecraft:oak_planks":1300,"minecraft:cobblestone_slab":42,"hangglider:hang_glider":1,"minecraft:stone":73,"minecraft:cobblestone_stairs":124,"minecraft:heavy_weighted_pressure_plate":2,"minecraft:cooked_mutton":26,"minecraft:bow":1,"minecraft:chest":23,"minecraft:oak_button":5,"minecraft:iron_door":3,"minecraft:stone_bricks":64,"minecraft:oak_fence":69,"minecraft:smoker":2,"minecraft:oak_slab":570,"minecraft:cooked_porkchop":7,"minecraft:crafting_table":16,"simplyswords:iron_claymore":2,"minecraft:wooden_pickaxe":1,"minecraft:birch_planks":442,"minecraft:iron_chestplate":1,"minecraft:shield":4,"minecraft:stick":376,"minecraft:iron_ingot":31,"minecraft:iron_pickaxe":1,"minecraft:stone_sword":1,"another_furniture:oak_drawer":2,"hangglider:glider_framework":1,"simplyswords:iron_twinblade":2,"minecraft:iron_nugget":531,"comforts:sleeping_bag_white":2,"minecraft:furnace":11,"minecraft:blast_furnace":3,"hangglider:glider_wing":2,"minecraft:oak_trapdoor":48,"minecraft:flint_and_steel":1,"minecraft:lantern":65,"minecraft:iron_axe":5,"minecraft:ladder":90,"minecraft:stone_pickaxe":2,"minecraft:cooked_beef":13,"minecraft:red_dye":1,"minecraft:red_bed":1,"minecraft:stone_axe":2,"minecraft:air":0,"minecraft:oak_boat":5,"minecraft:oak_chest_boat":2,"minecraft:wooden_axe":4,"another_furniture:oak_shelf":3,"minecraft:oak_stairs":48,"minecraft:iron_shovel":1,"minecraft:white_bed":2,"minecraft:torch":124},"minecraft:broken":{"minecraft:iron_shovel":1,"minecraft:stone_pickaxe":2,"minecraft:diamond_boots":1,"minecraft:stone_axe":1,"minecraft:shield":1,"minecraft:iron_axe":4,"minecraft:iron_pickaxe":2},"minecraft:mined":{"minecraft:dark_oak_planks":4,"minecraft:dark_prismarine_stairs":1,"minecraft:spruce_planks":3,"minecraft:white_bed":4,"minecraft:black_terracotta":2,"minecraft:cobblestone_stairs":37,"another_furniture:oak_shelf":2,"minecraft:jungle_leaves":15,"minecraft:spruce_trapdoor":3,"minecraft:grass_block":151,"minecraft:deepslate_bricks":1,"minecraft:stripped_warped_hyphae":2,"minecraft:spawner":11,"minecraft:iron_ore":38,"minecraft:cobbled_deepslate":1,"minecraft:pumpkin":4,"minecraft:anvil":1,"minecraft:azure_bluet":9,"minecraft:red_tulip":5,"minecraft:dirt_path":43,"minecraft:oak_stairs":50,"minecraft:smooth_sandstone_stairs":1,"minecraft:spruce_slab":3,"minecraft:red_bed":1,"minecraft:smoker":4,"minecraft:torch":4,"minecraft:chest":8,"minecraft:cobblestone":343,"minecraft:white_candle":7,"minecraft:sugar_cane":3,"minecraft:oak_planks":145,"minecraft:iron_door":1,"minecraft:wall_torch":25,"minecraft:skeleton_skull":3,"minecraft:warped_planks":14,"minecraft:birch_log":113,"minecraft:wheat":111,"minecraft:light_gray_wool":9,"minecraft:grass":230,"minecraft:oak_log":289,"minecraft:sand":14,"minecraft:dirt":98,"minecraft:stonecutter":1,"minecraft:oak_leaves":118,"minecraft:deepslate":22,"minecraft:dark_prismarine":4,"minecraft:quartz_stairs":1,"minecraft:candle":2,"minecraft:oak_door":13,"gravestone:gravestone":17,"minecraft:ladder":4,"minecraft:dark_oak_fence":4,"minecraft:spruce_fence":15,"minecraft:oak_trapdoor":11,"minecraft:furnace":7,"minecraft:andesite":39,"minecraft:stripped_spruce_log":12,"minecraft:bell":1,"minecraft:bookshelf":13,"minecraft:deepslate_iron_ore":8,"minecraft:cobblestone_slab":45,"minecraft:vine":1,"minecraft:lantern":24,"minecraft:stripped_oak_log":56,"minecraft:stone":1337,"minecraft:bone_block":28,"minecraft:white_wool":6,"minecraft:oak_slab":77,"minecraft:stone_brick_slab":3,"minecraft:dandelion":1,"minecraft:oak_fence":16,"minecraft:smooth_sandstone":1,"minecraft:crafting_table":15,"minecraft:oak_wood":16,"minecraft:tall_grass":22,"minecraft:copper_ore":16,"minecraft:spruce_stairs":2,"minecraft:birch_planks":11,"minecraft:spruce_log":5,"minecraft:birch_leaves":39,"minecraft:yellow_bed":6,"minecraft:coal_ore":114,"minecraft:gravel":105,"minecraft:brown_terracotta":3,"minecraft:stone_bricks":3,"minecraft:warped_slab":1}},"DataVersion":3465}