{"stats":{"minecraft:custom":{"minecraft:time_since_rest":9525,"minecraft:crouch_one_cm":172,"minecraft:play_time":19278,"minecraft:sprint_one_cm":38333,"minecraft:walk_one_cm":31877,"minecraft:damage_taken":790,"minecraft:deaths":3,"minecraft:sneak_time":36,"minecraft:walk_under_water_one_cm":205,"minecraft:mob_kills":1,"minecraft:drop":1,"minecraft:jump":295,"minecraft:damage_dealt":182,"minecraft:walk_on_water_one_cm":1449,"minecraft:time_since_death":9492,"minecraft:total_world_time":19278,"minecraft:swim_one_cm":6559,"minecraft:fall_one_cm":7458,"minecraft:fly_one_cm":76284},"minecraft:killed":{"minecraft:spider":1},"minecraft:mined":{"minecraft:grass":1,"minecraft:white_bed":2,"minecraft:dirt":1,"minecraft:spruce_leaves":3,"minecraft:spruce_log":19},"minecraft:dropped":{"gravestone:obituary":1},"minecraft:picked_up":{"minecraft:stick":4,"minecraft:spruce_sapling":3,"minecraft:white_bed":2,"minecraft:spruce_log":19,"minecraft:dirt":1},"minecraft:crafted":{"minecraft:spruce_planks":72},"minecraft:used":{"minecraft:dirt":1,"minecraft:spruce_log":1,"minecraft:spruce_sapling":3},"minecraft:killed_by":{"minecraft:skeleton":1,"minecraft:spider":1,"minecraft:zombie":1}},"DataVersion":3465}