{"stats":{"minecraft:used":{"simplyswords:iron_claymore":84,"minecraft:stone_sword":110,"minecraft:iron_shovel":98,"minecraft:chest":29,"minecraft:shield":112,"minecraft:oak_door":2,"minecraft:white_candle":9,"minecraft:torch":119,"minecraft:dirt":93,"minecraft:mutton":1,"minecraft:stone_brick_slab":2,"minecraft:dark_oak_planks":2,"minecraft:wooden_axe":74,"minecraft:oak_stairs":3,"minecraft:lantern":17,"minecraft:iron_axe":463,"minecraft:iron_boots":1,"minecraft:bow":5,"minecraft:oak_sapling":1,"minecraft:furnace":8,"comforts:sleeping_bag_white":9,"minecraft:cobbled_deepslate":17,"minecraft:oak_chest_boat":4,"minecraft:wheat_seeds":111,"minecraft:cooked_mutton":26,"minecraft:birch_planks":263,"minecraft:stone_pickaxe":265,"minecraft:oak_planks":233,"minecraft:wooden_pickaxe":40,"minecraft:glow_berries":7,"minecraft:oak_slab":7,"minecraft:crafting_table":17,"simplyswords:iron_twinblade":171,"minecraft:crossbow":3,"minecraft:white_bed":4,"minecraft:smoker":1,"minecraft:oak_log":14,"minecraft:apple":3,"minecraft:heavy_weighted_pressure_plate":2,"minecraft:bread":25,"minecraft:oak_button":2,"minecraft:iron_pickaxe":199,"minecraft:iron_door":3,"minecraft:stone_axe":77,"minecraft:cobblestone":161,"minecraft:cooked_porkchop":7,"minecraft:andesite":1,"minecraft:yellow_bed":3,"minecraft:oak_boat":6,"minecraft:stripped_oak_log":3,"another_furniture:oak_shelf":2},"minecraft:dropped":{"minecraft:spruce_sign":2,"minecraft:bread":9,"minecraft:brown_mushroom":1,"minecraft:crafting_table":20,"minecraft:diamond_leggings":1,"minecraft:crossbow":1,"minecraft:feather":1,"minecraft:prismarine_crystals":3,"minecraft:lantern":1,"minecraft:apple":11,"minecraft:spruce_stairs":1,"minecraft:coal":1,"minecraft:stick":11,"minecraft:stripped_warped_hyphae":2,"minecraft:dirt":10,"minecraft:warped_slab":2,"minecraft:dark_oak_fence":1,"minecraft:wooden_axe":1,"gravestone:obituary":22,"minecraft:white_wool":2,"simplyswords:iron_sai":1,"minecraft:dandelion":2,"minecraft:furnace":1,"minecraft:dark_prismarine_stairs":1,"minecraft:stone_sword":1,"simplyswords:iron_twinblade":2,"minecraft:birch_sapling":5,"immersive_melodies:flute":1,"minecraft:chicken":1,"minecraft:rotten_flesh":29,"minecraft:oak_planks":4,"minecraft:smoker":1,"minecraft:cooked_mutton":1,"minecraft:spruce_fence":4,"minecraft:warped_planks":4,"minecraft:filled_map":3,"supplementaries:ash":2,"minecraft:shield":2,"minecraft:oak_button":6,"minecraft:spruce_planks":1,"minecraft:iron_chestplate":2,"minecraft:andesite":24,"minecraft:oak_sapling":1,"comforts:sleeping_bag_white":1,"minecraft:arrow":4,"minecraft:wooden_pickaxe":1,"minecraft:dark_prismarine":7,"simplyswords:iron_claymore":2,"minecraft:black_wool":1,"minecraft:egg":1},"minecraft:custom":{"minecraft:mob_kills":88,"minecraft:interact_with_anvil":1,"minecraft:interact_with_crafting_table":69,"minecraft:open_barrel":23,"minecraft:leave_game":3,"minecraft:time_since_death":62019,"minecraft:climb_one_cm":6217,"minecraft:sprint_one_cm":662388,"minecraft:walk_one_cm":1334062,"minecraft:damage_blocked_by_shield":6025,"minecraft:drop":210,"minecraft:talked_to_villager":20,"minecraft:play_time":386403,"minecraft:deaths":26,"minecraft:sneak_time":13833,"minecraft:walk_under_water_one_cm":17420,"minecraft:boat_one_cm":1124353,"minecraft:interact_with_lectern":5,"minecraft:jump":3906,"minecraft:walk_on_water_one_cm":32074,"minecraft:total_world_time":386403,"minecraft:interact_with_furnace":37,"minecraft:interact_with_loom":1,"minecraft:interact_with_stonecutter":1,"minecraft:sleep_in_bed":18,"minecraft:time_since_rest":21424,"minecraft:damage_taken":10475,"minecraft:damage_dealt":12533,"minecraft:player_kills":1,"minecraft:swim_one_cm":51640,"minecraft:fly_one_cm":488569,"minecraft:open_chest":169,"minecraft:crouch_one_cm":32748,"minecraft:interact_with_smoker":1,"minecraft:fall_one_cm":73515},"minecraft:killed_by":{"minecraft:husk":1,"minecraft:creeper":2,"minecraft:vindicator":1,"minecraft:skeleton":12,"minecraft:zombie":10},"minecraft:broken":{"minecraft:stone_pickaxe":2,"minecraft:diamond_boots":1,"minecraft:shield":1,"minecraft:iron_axe":2,"minecraft:stone_axe":1},"minecraft:mined":{"minecraft:dark_oak_planks":4,"minecraft:dark_prismarine_stairs":1,"minecraft:dark_prismarine":4,"minecraft:spruce_planks":3,"minecraft:white_bed":4,"minecraft:candle":1,"minecraft:oak_door":8,"minecraft:black_terracotta":2,"another_furniture:oak_shelf":2,"minecraft:jungle_leaves":15,"gravestone:gravestone":17,"minecraft:ladder":3,"minecraft:dark_oak_fence":4,"minecraft:grass_block":38,"minecraft:spruce_fence":13,"minecraft:stripped_warped_hyphae":2,"minecraft:spawner":11,"minecraft:oak_trapdoor":3,"minecraft:furnace":7,"minecraft:iron_ore":33,"minecraft:cobbled_deepslate":1,"minecraft:andesite":39,"minecraft:pumpkin":4,"minecraft:bookshelf":13,"minecraft:deepslate_iron_ore":8,"minecraft:vine":1,"minecraft:oak_stairs":28,"minecraft:lantern":11,"minecraft:stripped_oak_log":35,"minecraft:smooth_sandstone_stairs":1,"minecraft:bone_block":28,"minecraft:stone":151,"minecraft:spruce_slab":1,"minecraft:oak_slab":27,"minecraft:smoker":2,"minecraft:stone_brick_slab":3,"minecraft:oak_fence":1,"minecraft:smooth_sandstone":1,"minecraft:crafting_table":13,"minecraft:torch":3,"minecraft:oak_wood":16,"minecraft:chest":8,"minecraft:tall_grass":18,"minecraft:white_candle":7,"minecraft:cobblestone":52,"minecraft:oak_planks":83,"minecraft:iron_door":1,"minecraft:wall_torch":2,"minecraft:spruce_stairs":2,"minecraft:birch_planks":11,"minecraft:warped_planks":14,"minecraft:birch_log":113,"minecraft:wheat":111,"minecraft:birch_leaves":39,"minecraft:yellow_bed":3,"minecraft:grass":140,"minecraft:oak_log":109,"minecraft:coal_ore":94,"minecraft:dirt":78,"minecraft:brown_terracotta":3,"minecraft:stonecutter":1,"minecraft:oak_leaves":54,"minecraft:deepslate":22,"minecraft:warped_slab":1},"minecraft:killed":{"minecraft:vindicator":1,"minecraft:spider":3,"minecraft:skeleton":15,"minecraft:chicken":1,"minecraft:wolf":1,"minecraft:pig":5,"minecraft:sheep":20,"minecraft:pillager":6,"minecraft:zombie":17,"minecraft:cow":12},"minecraft:picked_up":{"minecraft:crafting_table":22,"minecraft:iron_chestplate":2,"minecraft:stripped_warped_hyphae":7,"minecraft:wheat":330,"minecraft:leather_leggings":2,"simplyswords:iron_sai":1,"minecraft:chicken":1,"minecraft:brown_mushroom":1,"minecraft:lead":2,"minecraft:oak_stairs":28,"minecraft:enchanted_book":2,"gravestone:obituary":3,"minecraft:moss_carpet":6,"minecraft:oak_trapdoor":3,"minecraft:string":4,"another_furniture:oak_shelf":2,"minecraft:blue_orchid":1,"minecraft:diamond_leggings":1,"minecraft:candle":3,"minecraft:gold_nugget":134,"minecraft:cobbled_deepslate":18,"minecraft:dark_prismarine_stairs":1,"comforts:sleeping_bag_white":9,"minecraft:spruce_planks":1,"minecraft:beef":26,"minecraft:oak_boat":4,"minecraft:warped_slab":2,"minecraft:iron_pickaxe":4,"minecraft:spruce_slab":1,"minecraft:chest":8,"minecraft:birch_sapling":6,"minecraft:iron_boots":6,"minecraft:furnace":7,"minecraft:egg":1,"minecraft:stick":20,"minecraft:raw_iron":48,"minecraft:oak_door":8,"minecraft:brown_terracotta":3,"minecraft:oak_fence":1,"minecraft:torch":60,"minecraft:spruce_stairs":2,"minecraft:spruce_fence":9,"minecraft:porkchop":9,"minecraft:warped_planks":12,"minecraft:prismarine_crystals":6,"minecraft:dark_oak_planks":4,"minecraft:rotten_flesh":31,"minecraft:arrow":36,"minecraft:vex_armor_trim_smithing_template":4,"minecraft:diamond_boots":2,"minecraft:oak_chest_boat":2,"immersive_melodies:flute":3,"supplementaries:ash":3,"minecraft:mutton":31,"minecraft:bone_block":119,"minecraft:white_wool":16,"minecraft:cobblestone":219,"minecraft:stripped_oak_log":35,"minecraft:birch_log":111,"minecraft:feather":1,"minecraft:iron_door":1,"minecraft:andesite":29,"minecraft:leather":12,"minecraft:smoker":2,"minecraft:filled_map":3,"minecraft:birch_planks":10,"simplyswords:iron_claymore":1,"minecraft:warped_trapdoor":1,"minecraft:oak_log":113,"minecraft:yellow_bed":3,"minecraft:gunpowder":1,"minecraft:dirt":168,"minecraft:lantern":12,"minecraft:cooked_mutton":1,"minecraft:bone":66,"minecraft:apple":17,"minecraft:stonecutter":1,"minecraft:bow":1,"minecraft:wheat_seeds":324,"minecraft:wild_armor_trim_smithing_template":4,"minecraft:bell":2,"minecraft:iron_ingot":47,"minecraft:oak_planks":184,"minecraft:book":39,"minecraft:oak_slab":27,"minecraft:black_terracotta":2,"minecraft:pumpkin":3,"minecraft:stone_brick_slab":3,"minecraft:dandelion":2,"minecraft:white_bed":4,"minecraft:leather_helmet":1,"minecraft:dark_prismarine":7,"minecraft:oak_wood":16,"minecraft:white_candle":22,"minecraft:golden_apple":3,"minecraft:spruce_sign":3,"minecraft:bread":49,"minecraft:emerald":3,"minecraft:oak_button":3,"minecraft:coal":242,"minecraft:oak_sapling":3,"minecraft:black_wool":1,"minecraft:dark_oak_fence":1,"minecraft:charcoal":2},"minecraft:crafted":{"hangglider:glider_framework":1,"minecraft:oak_planks":492,"minecraft:iron_nugget":135,"simplyswords:iron_twinblade":2,"comforts:sleeping_bag_white":2,"hangglider:hang_glider":1,"minecraft:furnace":2,"hangglider:glider_wing":2,"minecraft:heavy_weighted_pressure_plate":2,"minecraft:cooked_mutton":26,"minecraft:lantern":15,"minecraft:iron_axe":3,"minecraft:stone_pickaxe":2,"minecraft:chest":23,"minecraft:iron_door":3,"minecraft:oak_button":5,"minecraft:cooked_beef":13,"minecraft:cooked_porkchop":7,"simplyswords:iron_claymore":2,"minecraft:crafting_table":15,"minecraft:wooden_pickaxe":1,"minecraft:birch_planks":442,"minecraft:stone_axe":2,"minecraft:oak_boat":4,"minecraft:oak_chest_boat":2,"minecraft:iron_chestplate":1,"minecraft:shield":4,"minecraft:stick":116,"minecraft:iron_ingot":13,"minecraft:iron_pickaxe":1,"another_furniture:oak_shelf":3,"minecraft:wooden_axe":4,"minecraft:stone_sword":1,"minecraft:iron_shovel":1,"minecraft:white_bed":2,"minecraft:torch":124}},"DataVersion":3465}