{"stats":{"minecraft:broken":{"minecraft:iron_pickaxe":1},"minecraft:mined":{"minecraft:white_bed":3,"minecraft:cherry_log":12,"minecraft:powder_snow":18,"minecraft:crafting_table":3,"gravestone:gravestone":1,"minecraft:blast_furnace":3,"minecraft:emerald_ore":13,"minecraft:grass_block":1,"minecraft:cobblestone":8,"minecraft:pink_petals":2,"minecraft:furnace":1,"minecraft:iron_ore":70,"minecraft:fire":6,"minecraft:andesite":1,"minecraft:grass":6,"minecraft:coal_ore":60,"minecraft:cherry_leaves":1,"minecraft:packed_ice":8,"minecraft:stone":159},"minecraft:used":{"simplyswords:iron_claymore":8,"minecraft:stone_pickaxe":29,"minecraft:wooden_pickaxe":18,"minecraft:chest":1,"minecraft:shield":17,"minecraft:torch":28,"minecraft:dirt":1,"minecraft:crafting_table":3,"minecraft:blast_furnace":3,"simplyswords:iron_twinblade":16,"minecraft:white_bed":3,"minecraft:apple":17,"minecraft:iron_axe":26,"minecraft:bread":6,"minecraft:iron_pickaxe":302,"minecraft:cobblestone":78,"minecraft:furnace":2},"minecraft:killed_by":{"minecraft:skeleton":1},"minecraft:crafted":{"minecraft:cherry_planks":48,"simplyswords:iron_claymore":1,"minecraft:iron_nugget":45,"simplyswords:iron_twinblade":1,"minecraft:wooden_pickaxe":1,"minecraft:furnace":1,"minecraft:air":0,"minecraft:iron_boots":1,"minecraft:iron_chestplate":1,"minecraft:shield":1,"minecraft:iron_axe":1,"minecraft:stick":28,"minecraft:iron_ingot":72,"minecraft:iron_pickaxe":2,"minecraft:stone_pickaxe":1,"minecraft:chest":1,"minecraft:iron_leggings":1,"minecraft:torch":56},"minecraft:killed":{"minecraft:skeleton":3,"minecraft:zombie":1},"minecraft:picked_up":{"minecraft:pink_petals":6,"minecraft:crafting_table":3,"minecraft:cherry_planks":16,"minecraft:andesite":2,"minecraft:wooden_pickaxe":1,"minecraft:dirt":1,"minecraft:bone":3,"minecraft:wheat_seeds":1,"minecraft:rabbit_hide":2,"minecraft:stone_pickaxe":1,"minecraft:iron_nugget":7,"minecraft:rabbit":3,"minecraft:furnace":2,"minecraft:raw_iron":70,"minecraft:cherry_log":12,"minecraft:blast_furnace":3,"minecraft:white_bed":3,"minecraft:arrow":4,"minecraft:pumpkin_pie":5,"minecraft:emerald":13,"minecraft:coal":60,"minecraft:cobblestone":165},"minecraft:dropped":{"minecraft:furnace":1,"minecraft:wheat_seeds":1,"minecraft:iron_nugget":14,"minecraft:rabbit_hide":2,"minecraft:andesite":2,"gravestone:obituary":1,"minecraft:pumpkin_pie":10,"minecraft:stone_pickaxe":2,"minecraft:wooden_pickaxe":2,"minecraft:pink_petals":6},"minecraft:custom":{"minecraft:interact_with_smithing_table":1,"minecraft:interact_with_furnace":3,"minecraft:mob_kills":4,"minecraft:interact_with_crafting_table":19,"minecraft:tune_noteblock":1,"minecraft:leave_game":1,"minecraft:time_since_death":57647,"minecraft:sleep_in_bed":5,"minecraft:time_since_rest":10406,"minecraft:sprint_one_cm":136086,"minecraft:damage_taken":963,"minecraft:walk_one_cm":178421,"minecraft:damage_blocked_by_shield":1050,"minecraft:drop":41,"minecraft:damage_dealt":990,"minecraft:talked_to_villager":2,"minecraft:fly_one_cm":156940,"minecraft:open_chest":16,"minecraft:crouch_one_cm":2163,"minecraft:play_time":74583,"minecraft:deaths":1,"minecraft:sneak_time":1278,"minecraft:jump":1018,"minecraft:interact_with_blast_furnace":19,"minecraft:total_world_time":74583,"minecraft:fall_one_cm":15586}},"DataVersion":3465}