{"stats":{"minecraft:crafted":{"minecraft:oak_planks":188,"minecraft:cooked_porkchop":7,"simplyswords:iron_twinblade":2,"minecraft:crafting_table":4,"comforts:sleeping_bag_white":1,"minecraft:wooden_pickaxe":1,"minecraft:furnace":1,"minecraft:birch_planks":314,"minecraft:stone_axe":2,"minecraft:cooked_mutton":9,"minecraft:iron_chestplate":1,"minecraft:shield":2,"minecraft:iron_axe":1,"minecraft:stick":64,"minecraft:iron_ingot":13,"minecraft:iron_pickaxe":1,"minecraft:stone_pickaxe":2,"minecraft:wooden_axe":4,"minecraft:stone_sword":1,"minecraft:oak_button":3,"minecraft:torch":64},"minecraft:picked_up":{"minecraft:birch_log":79,"minecraft:crafting_table":9,"minecraft:feather":1,"minecraft:chicken":1,"minecraft:andesite":28,"minecraft:brown_mushroom":1,"minecraft:birch_planks":4,"minecraft:oak_log":31,"gravestone:obituary":3,"minecraft:dirt":34,"minecraft:bone":9,"minecraft:blue_orchid":1,"minecraft:wheat_seeds":1,"minecraft:cobbled_deepslate":18,"comforts:sleeping_bag_white":3,"minecraft:spruce_planks":1,"minecraft:iron_ingot":8,"minecraft:birch_sapling":6,"minecraft:oak_planks":27,"minecraft:furnace":6,"minecraft:egg":1,"minecraft:black_terracotta":2,"minecraft:stick":3,"minecraft:raw_iron":47,"minecraft:brown_terracotta":3,"minecraft:torch":13,"minecraft:spruce_fence":9,"minecraft:porkchop":7,"minecraft:white_bed":1,"minecraft:dark_oak_planks":4,"minecraft:oak_wood":16,"minecraft:arrow":5,"minecraft:rotten_flesh":27,"minecraft:diamond_boots":1,"minecraft:emerald":1,"minecraft:oak_button":3,"supplementaries:ash":2,"minecraft:oak_sapling":1,"minecraft:dark_oak_fence":1,"minecraft:mutton":10,"minecraft:coal":214,"minecraft:cobblestone":172,"minecraft:white_wool":5},"minecraft:mined":{"minecraft:dark_oak_planks":4,"minecraft:spruce_planks":3,"minecraft:white_bed":1,"minecraft:black_terracotta":2,"minecraft:ladder":2,"minecraft:crafting_table":10,"minecraft:torch":1,"minecraft:dark_oak_fence":2,"gravestone:gravestone":15,"minecraft:oak_wood":16,"minecraft:grass_block":7,"minecraft:spruce_fence":12,"minecraft:cobblestone":4,"minecraft:oak_planks":18,"minecraft:birch_planks":5,"minecraft:furnace":6,"minecraft:cobbled_deepslate":1,"minecraft:birch_log":80,"minecraft:iron_ore":32,"minecraft:birch_leaves":36,"minecraft:andesite":38,"minecraft:grass":19,"minecraft:oak_log":31,"minecraft:coal_ore":94,"minecraft:deepslate_iron_ore":8,"minecraft:dirt":9,"minecraft:brown_terracotta":3,"minecraft:stone":151,"minecraft:oak_leaves":13,"minecraft:deepslate":22},"minecraft:killed_by":{"minecraft:skeleton":12,"minecraft:creeper":2,"minecraft:zombie":10},"minecraft:used":{"minecraft:cooked_mutton":9,"minecraft:stone_sword":110,"minecraft:birch_planks":153,"minecraft:stone_pickaxe":265,"minecraft:oak_planks":134,"minecraft:shield":44,"minecraft:wooden_pickaxe":40,"minecraft:torch":61,"minecraft:glow_berries":7,"minecraft:dirt":23,"minecraft:mutton":1,"minecraft:crafting_table":12,"simplyswords:iron_twinblade":55,"minecraft:crossbow":3,"minecraft:white_bed":1,"minecraft:dark_oak_planks":2,"minecraft:wooden_axe":74,"minecraft:apple":3,"minecraft:bread":6,"minecraft:iron_axe":86,"minecraft:iron_pickaxe":74,"minecraft:iron_boots":1,"minecraft:stone_axe":77,"minecraft:cobblestone":102,"minecraft:cooked_porkchop":7,"minecraft:oak_sapling":1,"minecraft:furnace":6,"comforts:sleeping_bag_white":3,"minecraft:cobbled_deepslate":17},"minecraft:dropped":{"minecraft:furnace":1,"minecraft:brown_mushroom":1,"minecraft:stone_sword":1,"simplyswords:iron_twinblade":2,"minecraft:crafting_table":1,"minecraft:birch_sapling":4,"minecraft:crossbow":1,"minecraft:chicken":1,"minecraft:feather":1,"minecraft:rotten_flesh":27,"minecraft:oak_planks":4,"minecraft:spruce_fence":4,"minecraft:coal":1,"minecraft:stick":10,"minecraft:dirt":10,"supplementaries:ash":2,"minecraft:shield":1,"minecraft:oak_button":6,"minecraft:dark_oak_fence":1,"minecraft:spruce_planks":1,"minecraft:wooden_axe":1,"minecraft:andesite":24,"gravestone:obituary":20,"minecraft:arrow":4,"minecraft:wooden_pickaxe":1,"minecraft:white_wool":2,"minecraft:egg":1},"minecraft:killed":{"minecraft:pig":4,"minecraft:sheep":6,"minecraft:skeleton":6,"minecraft:pillager":2,"minecraft:zombie":10,"minecraft:chicken":1},"minecraft:custom":{"minecraft:interact_with_furnace":26,"minecraft:interact_with_anvil":1,"minecraft:mob_kills":31,"minecraft:open_barrel":2,"minecraft:interact_with_crafting_table":19,"minecraft:time_since_death":11066,"minecraft:sleep_in_bed":3,"minecraft:climb_one_cm":970,"minecraft:time_since_rest":849,"minecraft:sprint_one_cm":240975,"minecraft:damage_taken":8456,"minecraft:walk_one_cm":401036,"minecraft:damage_blocked_by_shield":2640,"minecraft:drop":124,"minecraft:damage_dealt":4058,"minecraft:talked_to_villager":1,"minecraft:fly_one_cm":195481,"minecraft:open_chest":10,"minecraft:crouch_one_cm":22265,"minecraft:play_time":127575,"minecraft:deaths":24,"minecraft:sneak_time":9264,"minecraft:jump":1986,"minecraft:total_world_time":127575,"minecraft:fall_one_cm":39325},"minecraft:broken":{"minecraft:stone_pickaxe":2,"minecraft:diamond_boots":1,"minecraft:stone_axe":1}},"DataVersion":3465}