{"stats":{"minecraft:broken":{"minecraft:iron_pickaxe":1},"minecraft:mined":{"minecraft:white_bed":3,"minecraft:cherry_log":12,"minecraft:powder_snow":18,"minecraft:crafting_table":3,"gravestone:gravestone":1,"minecraft:blast_furnace":3,"minecraft:emerald_ore":9,"minecraft:grass_block":1,"minecraft:cobblestone":5,"minecraft:pink_petals":2,"minecraft:furnace":1,"minecraft:iron_ore":66,"minecraft:fire":6,"minecraft:andesite":1,"minecraft:grass":6,"minecraft:coal_ore":60,"minecraft:cherry_leaves":1,"minecraft:packed_ice":8,"minecraft:stone":155},"minecraft:used":{"minecraft:stone_pickaxe":29,"minecraft:wooden_pickaxe":18,"minecraft:chest":1,"minecraft:shield":17,"minecraft:torch":20,"minecraft:dirt":1,"minecraft:crafting_table":3,"simplyswords:iron_twinblade":16,"minecraft:blast_furnace":3,"minecraft:white_bed":3,"minecraft:apple":17,"minecraft:iron_axe":26,"minecraft:bread":6,"minecraft:iron_pickaxe":287,"minecraft:cobblestone":72,"minecraft:furnace":2},"minecraft:killed_by":{"minecraft:skeleton":1},"minecraft:crafted":{"minecraft:cherry_planks":48,"simplyswords:iron_twinblade":1,"minecraft:wooden_pickaxe":1,"minecraft:furnace":1,"minecraft:air":0,"minecraft:iron_boots":1,"minecraft:iron_chestplate":1,"minecraft:shield":1,"minecraft:iron_axe":1,"minecraft:stick":28,"minecraft:iron_ingot":31,"minecraft:iron_pickaxe":2,"minecraft:stone_pickaxe":1,"minecraft:chest":1,"minecraft:iron_leggings":1,"minecraft:torch":56},"minecraft:killed":{"minecraft:skeleton":3},"minecraft:picked_up":{"minecraft:pink_petals":6,"minecraft:crafting_table":3,"minecraft:cherry_planks":16,"minecraft:andesite":2,"minecraft:wooden_pickaxe":1,"minecraft:dirt":1,"minecraft:bone":3,"minecraft:wheat_seeds":1,"minecraft:rabbit_hide":2,"minecraft:stone_pickaxe":1,"minecraft:iron_nugget":7,"minecraft:rabbit":3,"minecraft:furnace":2,"minecraft:raw_iron":65,"minecraft:cherry_log":12,"minecraft:blast_furnace":3,"minecraft:white_bed":3,"minecraft:arrow":4,"minecraft:pumpkin_pie":5,"minecraft:emerald":9,"minecraft:coal":60,"minecraft:cobblestone":158},"minecraft:dropped":{"minecraft:furnace":1,"minecraft:wheat_seeds":1,"minecraft:iron_nugget":14,"minecraft:rabbit_hide":2,"minecraft:andesite":2,"gravestone:obituary":1,"minecraft:pumpkin_pie":10,"minecraft:stone_pickaxe":2,"minecraft:wooden_pickaxe":2,"minecraft:pink_petals":6},"minecraft:custom":{"minecraft:interact_with_smithing_table":1,"minecraft:interact_with_furnace":2,"minecraft:mob_kills":3,"minecraft:interact_with_crafting_table":15,"minecraft:tune_noteblock":1,"minecraft:time_since_death":45648,"minecraft:sleep_in_bed":4,"minecraft:time_since_rest":12722,"minecraft:sprint_one_cm":131786,"minecraft:damage_taken":963,"minecraft:walk_one_cm":157601,"minecraft:damage_blocked_by_shield":1050,"minecraft:drop":41,"minecraft:damage_dealt":790,"minecraft:talked_to_villager":2,"minecraft:fly_one_cm":155439,"minecraft:open_chest":14,"minecraft:crouch_one_cm":2110,"minecraft:play_time":62584,"minecraft:deaths":1,"minecraft:sneak_time":1262,"minecraft:jump":897,"minecraft:interact_with_blast_furnace":8,"minecraft:total_world_time":62584,"minecraft:fall_one_cm":15108}},"DataVersion":3465}