{"stats":{"minecraft:used":{"simplyswords:iron_claymore":57,"minecraft:stone_sword":110,"minecraft:chest":6,"minecraft:shield":104,"minecraft:torch":85,"minecraft:dirt":23,"minecraft:mutton":1,"minecraft:stone_brick_slab":2,"minecraft:dark_oak_planks":2,"minecraft:wooden_axe":74,"minecraft:lantern":3,"minecraft:iron_axe":228,"minecraft:iron_boots":1,"minecraft:bow":5,"minecraft:oak_sapling":1,"minecraft:furnace":7,"comforts:sleeping_bag_white":9,"minecraft:cobbled_deepslate":17,"minecraft:oak_chest_boat":4,"minecraft:wheat_seeds":111,"minecraft:cooked_mutton":26,"minecraft:birch_planks":263,"minecraft:stone_pickaxe":265,"minecraft:oak_planks":201,"minecraft:wooden_pickaxe":40,"minecraft:glow_berries":7,"minecraft:crafting_table":15,"simplyswords:iron_twinblade":171,"minecraft:crossbow":3,"minecraft:white_bed":4,"minecraft:apple":3,"minecraft:bread":19,"minecraft:iron_pickaxe":152,"minecraft:stone_axe":77,"minecraft:cobblestone":156,"minecraft:cooked_porkchop":7,"minecraft:andesite":1,"minecraft:oak_boat":6,"another_furniture:oak_shelf":2},"minecraft:dropped":{"minecraft:spruce_sign":2,"minecraft:bread":9,"minecraft:brown_mushroom":1,"minecraft:crafting_table":20,"minecraft:diamond_leggings":1,"minecraft:crossbow":1,"minecraft:feather":1,"minecraft:prismarine_crystals":3,"minecraft:apple":11,"minecraft:spruce_stairs":1,"minecraft:coal":1,"minecraft:stick":11,"minecraft:stripped_warped_hyphae":2,"minecraft:dirt":10,"minecraft:warped_slab":2,"minecraft:dark_oak_fence":1,"minecraft:wooden_axe":1,"gravestone:obituary":22,"minecraft:white_wool":2,"simplyswords:iron_sai":1,"minecraft:dandelion":2,"minecraft:furnace":1,"minecraft:stone_sword":1,"simplyswords:iron_twinblade":2,"minecraft:birch_sapling":5,"minecraft:chicken":1,"minecraft:rotten_flesh":29,"minecraft:oak_planks":4,"minecraft:smoker":1,"minecraft:cooked_mutton":1,"minecraft:spruce_fence":4,"minecraft:warped_planks":2,"minecraft:filled_map":3,"supplementaries:ash":2,"minecraft:shield":2,"minecraft:oak_button":6,"minecraft:spruce_planks":1,"minecraft:iron_chestplate":2,"minecraft:andesite":24,"minecraft:oak_sapling":1,"comforts:sleeping_bag_white":1,"minecraft:arrow":4,"minecraft:wooden_pickaxe":1,"minecraft:dark_prismarine":6,"simplyswords:iron_claymore":2,"minecraft:black_wool":1,"minecraft:egg":1},"minecraft:custom":{"minecraft:mob_kills":81,"minecraft:interact_with_anvil":1,"minecraft:interact_with_crafting_table":51,"minecraft:open_barrel":23,"minecraft:leave_game":3,"minecraft:time_since_death":14019,"minecraft:climb_one_cm":6217,"minecraft:sprint_one_cm":578941,"minecraft:walk_one_cm":1102178,"minecraft:damage_blocked_by_shield":5615,"minecraft:drop":204,"minecraft:talked_to_villager":8,"minecraft:play_time":338403,"minecraft:deaths":26,"minecraft:sneak_time":12934,"minecraft:walk_under_water_one_cm":16583,"minecraft:boat_one_cm":1086238,"minecraft:interact_with_lectern":5,"minecraft:jump":3800,"minecraft:walk_on_water_one_cm":27584,"minecraft:total_world_time":338403,"minecraft:interact_with_furnace":37,"minecraft:interact_with_loom":1,"minecraft:interact_with_stonecutter":1,"minecraft:sleep_in_bed":16,"minecraft:time_since_rest":14069,"minecraft:damage_taken":10313,"minecraft:damage_dealt":10997,"minecraft:player_kills":1,"minecraft:swim_one_cm":49757,"minecraft:fly_one_cm":467386,"minecraft:open_chest":98,"minecraft:crouch_one_cm":30212,"minecraft:fall_one_cm":70033},"minecraft:killed_by":{"minecraft:husk":1,"minecraft:creeper":2,"minecraft:vindicator":1,"minecraft:skeleton":12,"minecraft:zombie":10},"minecraft:broken":{"minecraft:stone_pickaxe":2,"minecraft:diamond_boots":1,"minecraft:shield":1,"minecraft:iron_axe":1,"minecraft:stone_axe":1},"minecraft:mined":{"minecraft:dark_oak_planks":4,"minecraft:dark_prismarine":3,"minecraft:spruce_planks":3,"minecraft:white_bed":4,"minecraft:black_terracotta":2,"another_furniture:oak_shelf":2,"minecraft:jungle_leaves":15,"gravestone:gravestone":17,"minecraft:ladder":3,"minecraft:dark_oak_fence":4,"minecraft:grass_block":7,"minecraft:spruce_fence":13,"minecraft:stripped_warped_hyphae":2,"minecraft:spawner":11,"minecraft:furnace":7,"minecraft:iron_ore":33,"minecraft:cobbled_deepslate":1,"minecraft:andesite":39,"minecraft:bookshelf":9,"minecraft:deepslate_iron_ore":8,"minecraft:vine":1,"minecraft:lantern":6,"minecraft:smooth_sandstone_stairs":1,"minecraft:bone_block":28,"minecraft:stone":151,"minecraft:spruce_slab":1,"minecraft:smoker":1,"minecraft:stone_brick_slab":3,"minecraft:smooth_sandstone":1,"minecraft:crafting_table":11,"minecraft:torch":3,"minecraft:oak_wood":16,"minecraft:chest":3,"minecraft:cobblestone":20,"minecraft:oak_planks":19,"minecraft:wall_torch":1,"minecraft:spruce_stairs":2,"minecraft:birch_planks":11,"minecraft:warped_planks":6,"minecraft:birch_log":113,"minecraft:wheat":111,"minecraft:birch_leaves":39,"minecraft:grass":25,"minecraft:oak_log":70,"minecraft:coal_ore":94,"minecraft:dirt":9,"minecraft:brown_terracotta":3,"minecraft:oak_leaves":33,"minecraft:deepslate":22,"minecraft:warped_slab":1},"minecraft:killed":{"minecraft:vindicator":1,"minecraft:spider":1,"minecraft:skeleton":13,"minecraft:chicken":1,"minecraft:wolf":1,"minecraft:pig":5,"minecraft:sheep":20,"minecraft:pillager":6,"minecraft:zombie":15,"minecraft:cow":12},"minecraft:picked_up":{"minecraft:crafting_table":20,"minecraft:iron_chestplate":2,"minecraft:stripped_warped_hyphae":7,"minecraft:wheat":330,"minecraft:leather_leggings":2,"simplyswords:iron_sai":1,"minecraft:chicken":1,"minecraft:brown_mushroom":1,"minecraft:lead":2,"minecraft:enchanted_book":2,"gravestone:obituary":3,"another_furniture:oak_shelf":2,"minecraft:blue_orchid":1,"minecraft:diamond_leggings":1,"minecraft:gold_nugget":134,"minecraft:cobbled_deepslate":18,"comforts:sleeping_bag_white":9,"minecraft:spruce_planks":1,"minecraft:beef":26,"minecraft:oak_boat":4,"minecraft:warped_slab":2,"minecraft:iron_pickaxe":4,"minecraft:spruce_slab":1,"minecraft:chest":3,"minecraft:birch_sapling":6,"minecraft:iron_boots":6,"minecraft:furnace":7,"minecraft:egg":1,"minecraft:stick":20,"minecraft:raw_iron":48,"minecraft:brown_terracotta":3,"minecraft:torch":59,"minecraft:spruce_stairs":2,"minecraft:spruce_fence":9,"minecraft:porkchop":9,"minecraft:warped_planks":10,"minecraft:prismarine_crystals":6,"minecraft:dark_oak_planks":4,"minecraft:rotten_flesh":31,"minecraft:arrow":35,"minecraft:vex_armor_trim_smithing_template":4,"minecraft:diamond_boots":2,"minecraft:oak_chest_boat":2,"immersive_melodies:flute":3,"supplementaries:ash":3,"minecraft:mutton":31,"minecraft:bone_block":119,"minecraft:white_wool":16,"minecraft:cobblestone":187,"minecraft:birch_log":111,"minecraft:feather":1,"minecraft:andesite":29,"minecraft:leather":12,"minecraft:smoker":1,"minecraft:filled_map":3,"minecraft:birch_planks":10,"simplyswords:iron_claymore":1,"minecraft:warped_trapdoor":1,"minecraft:oak_log":74,"minecraft:dirt":34,"minecraft:lantern":6,"minecraft:cooked_mutton":1,"minecraft:bone":62,"minecraft:apple":17,"minecraft:bow":1,"minecraft:wheat_seeds":306,"minecraft:wild_armor_trim_smithing_template":4,"minecraft:iron_ingot":47,"minecraft:oak_planks":120,"minecraft:book":27,"minecraft:black_terracotta":2,"minecraft:stone_brick_slab":3,"minecraft:dandelion":2,"minecraft:white_bed":4,"minecraft:leather_helmet":1,"minecraft:dark_prismarine":6,"minecraft:oak_wood":16,"minecraft:golden_apple":3,"minecraft:spruce_sign":3,"minecraft:bread":49,"minecraft:emerald":3,"minecraft:oak_button":3,"minecraft:coal":242,"minecraft:oak_sapling":3,"minecraft:black_wool":1,"minecraft:dark_oak_fence":1},"minecraft:crafted":{"hangglider:glider_framework":1,"minecraft:oak_planks":344,"minecraft:iron_nugget":9,"simplyswords:iron_twinblade":2,"comforts:sleeping_bag_white":2,"hangglider:hang_glider":1,"minecraft:furnace":2,"hangglider:glider_wing":2,"minecraft:cooked_mutton":26,"minecraft:iron_axe":2,"minecraft:stone_pickaxe":2,"minecraft:chest":8,"minecraft:oak_button":3,"minecraft:cooked_beef":13,"minecraft:cooked_porkchop":7,"simplyswords:iron_claymore":2,"minecraft:crafting_table":15,"minecraft:wooden_pickaxe":1,"minecraft:birch_planks":442,"minecraft:stone_axe":2,"minecraft:oak_boat":4,"minecraft:oak_chest_boat":2,"minecraft:iron_chestplate":1,"minecraft:shield":4,"minecraft:stick":76,"minecraft:iron_ingot":13,"minecraft:iron_pickaxe":1,"another_furniture:oak_shelf":3,"minecraft:wooden_axe":4,"minecraft:stone_sword":1,"minecraft:white_bed":2,"minecraft:torch":64}},"DataVersion":3465}