{"stats":{"minecraft:broken":{"minecraft:iron_pickaxe":1},"minecraft:mined":{"minecraft:white_bed":3,"minecraft:cherry_log":12,"minecraft:powder_snow":18,"minecraft:crafting_table":3,"gravestone:gravestone":1,"minecraft:blast_furnace":3,"minecraft:emerald_ore":17,"minecraft:grass_block":1,"minecraft:cobblestone":8,"minecraft:pink_petals":2,"minecraft:furnace":1,"minecraft:iron_ore":78,"minecraft:fire":6,"minecraft:andesite":1,"minecraft:grass":6,"minecraft:coal_ore":60,"minecraft:cherry_leaves":1,"minecraft:packed_ice":8,"minecraft:stone":174},"minecraft:used":{"simplyswords:iron_claymore":11,"minecraft:stone_pickaxe":29,"minecraft:wooden_pickaxe":18,"minecraft:chest":1,"minecraft:shield":22,"minecraft:cherry_planks":8,"minecraft:torch":35,"minecraft:dirt":1,"minecraft:crafting_table":3,"minecraft:blast_furnace":3,"simplyswords:iron_twinblade":16,"minecraft:white_bed":3,"minecraft:apple":17,"minecraft:iron_axe":26,"minecraft:bread":10,"minecraft:iron_pickaxe":330,"minecraft:cobblestone":97,"minecraft:furnace":2},"minecraft:killed_by":{"minecraft:skeleton":1},"minecraft:crafted":{"minecraft:cherry_planks":48,"simplyswords:iron_claymore":1,"minecraft:iron_nugget":45,"simplyswords:iron_twinblade":1,"minecraft:wooden_pickaxe":1,"minecraft:furnace":1,"simplyswords:iron_warglaive":1,"minecraft:air":0,"minecraft:iron_boots":1,"minecraft:iron_chestplate":1,"minecraft:shield":1,"minecraft:iron_axe":1,"minecraft:stick":28,"minecraft:iron_ingot":72,"minecraft:iron_pickaxe":2,"minecraft:stone_pickaxe":1,"minecraft:chest":1,"minecraft:iron_leggings":1,"minecraft:torch":56},"minecraft:killed":{"minecraft:skeleton":4,"minecraft:zombie":1},"minecraft:picked_up":{"minecraft:pink_petals":6,"minecraft:crafting_table":3,"minecraft:cherry_planks":16,"minecraft:andesite":2,"minecraft:wooden_pickaxe":1,"minecraft:dirt":1,"minecraft:bone":5,"minecraft:wheat_seeds":1,"minecraft:rabbit_hide":2,"minecraft:stone_pickaxe":1,"minecraft:iron_nugget":7,"minecraft:rabbit":3,"minecraft:furnace":2,"minecraft:raw_iron":78,"minecraft:torch":1,"minecraft:cherry_log":12,"minecraft:blast_furnace":3,"minecraft:white_bed":3,"minecraft:arrow":7,"minecraft:rotten_flesh":3,"minecraft:pumpkin_pie":5,"minecraft:emerald":17,"supplementaries:ash":1,"minecraft:coal":60,"minecraft:cobblestone":180},"minecraft:dropped":{"minecraft:furnace":1,"minecraft:wheat_seeds":1,"minecraft:iron_nugget":14,"minecraft:rabbit_hide":2,"minecraft:andesite":2,"gravestone:obituary":1,"minecraft:pumpkin_pie":10,"minecraft:stone_pickaxe":2,"minecraft:wooden_pickaxe":2,"minecraft:pink_petals":6},"minecraft:custom":{"minecraft:interact_with_smithing_table":1,"minecraft:interact_with_furnace":5,"minecraft:mob_kills":5,"minecraft:interact_with_crafting_table":22,"minecraft:tune_noteblock":1,"minecraft:leave_game":1,"minecraft:time_since_death":69647,"minecraft:sleep_in_bed":6,"minecraft:time_since_rest":2543,"minecraft:sprint_one_cm":150521,"minecraft:damage_taken":1055,"minecraft:walk_one_cm":216960,"minecraft:damage_blocked_by_shield":1380,"minecraft:drop":41,"minecraft:damage_dealt":1170,"minecraft:talked_to_villager":2,"minecraft:fly_one_cm":177784,"minecraft:open_chest":20,"minecraft:crouch_one_cm":2163,"minecraft:play_time":86583,"minecraft:deaths":1,"minecraft:sneak_time":1278,"minecraft:walk_under_water_one_cm":335,"minecraft:jump":1298,"minecraft:interact_with_blast_furnace":25,"minecraft:walk_on_water_one_cm":1050,"minecraft:total_world_time":86583,"minecraft:fall_one_cm":19915}},"DataVersion":3465}