{"stats":{"minecraft:mined":{"minecraft:white_bed":2,"minecraft:furnace":1,"minecraft:iron_ore":5,"minecraft:fire":6,"minecraft:cherry_log":12,"minecraft:crafting_table":2,"minecraft:grass":1,"minecraft:cherry_leaves":1,"minecraft:stone":18},"minecraft:used":{"minecraft:apple":3,"minecraft:iron_axe":7,"minecraft:stone_pickaxe":7,"minecraft:wooden_pickaxe":18,"minecraft:crafting_table":1,"minecraft:furnace":1,"minecraft:white_bed":1},"minecraft:crafted":{"minecraft:cherry_planks":48,"minecraft:shield":1,"minecraft:iron_axe":1,"minecraft:stick":8,"minecraft:wooden_pickaxe":1,"minecraft:iron_ingot":5,"minecraft:stone_pickaxe":1,"minecraft:furnace":1},"minecraft:picked_up":{"minecraft:crafting_table":2,"minecraft:raw_iron":5,"minecraft:cherry_planks":16,"minecraft:cherry_log":12,"minecraft:white_bed":2,"minecraft:rabbit_hide":1,"minecraft:rabbit":3,"minecraft:cobblestone":18,"minecraft:furnace":1},"minecraft:custom":{"minecraft:time_since_rest":5050,"minecraft:interact_with_furnace":2,"minecraft:sprint_one_cm":55102,"minecraft:damage_taken":40,"minecraft:walk_one_cm":35263,"minecraft:interact_with_crafting_table":5,"minecraft:fly_one_cm":46736,"minecraft:open_chest":7,"minecraft:crouch_one_cm":111,"minecraft:play_time":14584,"minecraft:sneak_time":75,"minecraft:jump":191,"minecraft:time_since_death":14584,"minecraft:sleep_in_bed":1,"minecraft:total_world_time":14584,"minecraft:fall_one_cm":3657}},"DataVersion":3465}