{"stats":{"minecraft:used":{"minecraft:iron_shovel":268,"minecraft:spruce_slab":1,"minecraft:shield":112,"minecraft:chest":29,"minecraft:bell":2,"minecraft:white_candle":9,"minecraft:mutton":1,"minecraft:stripped_spruce_log":6,"minecraft:lantern":54,"minecraft:bow":5,"minecraft:furnace":8,"minecraft:oak_sapling":2,"minecraft:oak_chest_boat":4,"minecraft:stone_pickaxe":265,"minecraft:oak_planks":239,"minecraft:wooden_pickaxe":40,"minecraft:glow_berries":7,"minecraft:sand":3,"minecraft:crossbow":3,"minecraft:heavy_weighted_pressure_plate":2,"minecraft:bread":41,"minecraft:iron_door":3,"minecraft:andesite":1,"minecraft:oak_boat":6,"another_furniture:oak_shelf":2,"minecraft:oak_trapdoor":29,"simplyswords:iron_claymore":89,"minecraft:stone_sword":110,"minecraft:oak_door":7,"minecraft:torch":119,"minecraft:dirt":185,"minecraft:stone_brick_slab":2,"minecraft:wooden_axe":74,"minecraft:dark_oak_planks":2,"minecraft:iron_axe":714,"minecraft:oak_stairs":20,"minecraft:iron_boots":1,"comforts:sleeping_bag_white":9,"minecraft:cobbled_deepslate":17,"minecraft:wheat_seeds":111,"minecraft:cooked_mutton":26,"minecraft:cobblestone_stairs":153,"minecraft:birch_planks":263,"minecraft:cobblestone_slab":40,"minecraft:oak_slab":24,"minecraft:crafting_table":18,"simplyswords:iron_twinblade":171,"minecraft:white_bed":4,"minecraft:smoker":1,"minecraft:oak_log":25,"minecraft:apple":3,"minecraft:oak_button":2,"minecraft:iron_pickaxe":1269,"minecraft:spruce_trapdoor":2,"minecraft:stone_axe":77,"minecraft:cobblestone":885,"minecraft:cooked_porkchop":7,"minecraft:yellow_bed":3,"minecraft:stripped_oak_log":7},"minecraft:dropped":{"minecraft:spruce_sign":2,"minecraft:brown_mushroom":1,"minecraft:crafting_table":20,"minecraft:crossbow":1,"minecraft:lantern":1,"minecraft:cobblestone_stairs":5,"minecraft:stripped_warped_hyphae":2,"minecraft:dirt":11,"minecraft:dark_oak_fence":1,"gravestone:obituary":22,"minecraft:white_wool":2,"simplyswords:iron_sai":1,"simplyswords:iron_twinblade":2,"minecraft:birch_sapling":5,"immersive_melodies:flute":1,"minecraft:rotten_flesh":29,"minecraft:oak_planks":4,"minecraft:cooked_mutton":1,"minecraft:warped_planks":4,"supplementaries:ash":2,"comforts:sleeping_bag_white":1,"minecraft:arrow":4,"minecraft:egg":1,"minecraft:bread":9,"minecraft:diamond_leggings":1,"minecraft:feather":1,"minecraft:prismarine_crystals":3,"minecraft:apple":11,"minecraft:spruce_stairs":1,"minecraft:coal":1,"minecraft:stick":11,"minecraft:warped_slab":2,"minecraft:wooden_axe":1,"minecraft:oak_stairs":1,"minecraft:dandelion":2,"minecraft:furnace":1,"minecraft:dark_prismarine_stairs":1,"minecraft:stone_sword":1,"minecraft:chicken":1,"minecraft:smoker":1,"minecraft:spruce_fence":4,"minecraft:filled_map":3,"minecraft:shield":2,"minecraft:oak_button":6,"minecraft:spruce_planks":1,"minecraft:iron_chestplate":2,"minecraft:andesite":24,"minecraft:oak_sapling":1,"minecraft:wooden_pickaxe":1,"minecraft:dark_prismarine":7,"simplyswords:iron_claymore":2,"minecraft:black_wool":1},"minecraft:custom":{"minecraft:interact_with_crafting_table":80,"minecraft:open_barrel":23,"minecraft:bell_ring":12,"minecraft:leave_game":3,"minecraft:time_since_death":182019,"minecraft:sprint_one_cm":820646,"minecraft:damage_blocked_by_shield":6025,"minecraft:drop":217,"minecraft:talked_to_villager":22,"minecraft:play_time":506403,"minecraft:deaths":26,"minecraft:jump":4423,"minecraft:walk_on_water_one_cm":88143,"minecraft:interact_with_furnace":37,"minecraft:interact_with_loom":1,"minecraft:sleep_in_bed":25,"minecraft:damage_dealt":12533,"minecraft:player_kills":1,"minecraft:crouch_one_cm":52094,"minecraft:interact_with_smoker":2,"minecraft:interact_with_anvil":1,"minecraft:mob_kills":88,"minecraft:climb_one_cm":6217,"minecraft:walk_one_cm":1727053,"minecraft:sneak_time":19845,"minecraft:walk_under_water_one_cm":149581,"minecraft:boat_one_cm":1128066,"minecraft:interact_with_lectern":5,"minecraft:total_world_time":506403,"minecraft:interact_with_stonecutter":1,"minecraft:time_since_rest":11347,"minecraft:damage_taken":11027,"minecraft:swim_one_cm":67893,"minecraft:fly_one_cm":561931,"minecraft:open_chest":214,"minecraft:fall_one_cm":79590},"minecraft:killed_by":{"minecraft:creeper":2,"minecraft:vindicator":1,"minecraft:zombie":10,"minecraft:husk":1,"minecraft:skeleton":12},"minecraft:broken":{"minecraft:iron_shovel":1,"minecraft:stone_pickaxe":2,"minecraft:diamond_boots":1,"minecraft:stone_axe":1,"minecraft:shield":1,"minecraft:iron_axe":3,"minecraft:iron_pickaxe":2},"minecraft:mined":{"minecraft:dark_oak_planks":4,"minecraft:dark_prismarine_stairs":1,"minecraft:spruce_planks":3,"minecraft:white_bed":4,"minecraft:black_terracotta":2,"minecraft:cobblestone_stairs":37,"another_furniture:oak_shelf":2,"minecraft:jungle_leaves":15,"minecraft:spruce_trapdoor":2,"minecraft:grass_block":115,"minecraft:stripped_warped_hyphae":2,"minecraft:spawner":11,"minecraft:cobbled_deepslate":1,"minecraft:iron_ore":38,"minecraft:pumpkin":4,"minecraft:azure_bluet":8,"minecraft:red_tulip":5,"minecraft:dirt_path":23,"minecraft:oak_stairs":46,"minecraft:smooth_sandstone_stairs":1,"minecraft:spruce_slab":2,"minecraft:smoker":2,"minecraft:torch":4,"minecraft:chest":8,"minecraft:cobblestone":154,"minecraft:white_candle":7,"minecraft:oak_planks":96,"minecraft:iron_door":1,"minecraft:wall_torch":25,"minecraft:warped_planks":14,"minecraft:birch_log":113,"minecraft:wheat":111,"minecraft:light_gray_wool":9,"minecraft:grass":225,"minecraft:oak_log":144,"minecraft:sand":14,"minecraft:dirt":88,"minecraft:stonecutter":1,"minecraft:oak_leaves":76,"minecraft:deepslate":22,"minecraft:dark_prismarine":4,"minecraft:candle":2,"minecraft:oak_door":13,"minecraft:ladder":3,"gravestone:gravestone":17,"minecraft:dark_oak_fence":4,"minecraft:spruce_fence":13,"minecraft:oak_trapdoor":10,"minecraft:furnace":7,"minecraft:andesite":39,"minecraft:stripped_spruce_log":6,"minecraft:bell":1,"minecraft:bookshelf":13,"minecraft:cobblestone_slab":4,"minecraft:deepslate_iron_ore":8,"minecraft:vine":1,"minecraft:lantern":12,"minecraft:stripped_oak_log":39,"minecraft:stone":1031,"minecraft:bone_block":28,"minecraft:white_wool":6,"minecraft:oak_slab":38,"minecraft:stone_brick_slab":3,"minecraft:oak_fence":6,"minecraft:smooth_sandstone":1,"minecraft:crafting_table":13,"minecraft:oak_wood":16,"minecraft:tall_grass":20,"minecraft:copper_ore":12,"minecraft:spruce_stairs":2,"minecraft:birch_planks":11,"minecraft:birch_leaves":39,"minecraft:yellow_bed":3,"minecraft:coal_ore":114,"minecraft:brown_terracotta":3,"minecraft:warped_slab":1},"minecraft:killed":{"minecraft:spider":3,"minecraft:skeleton":15,"minecraft:chicken":1,"minecraft:wolf":1,"minecraft:pig":5,"minecraft:sheep":20,"minecraft:pillager":6,"minecraft:zombie":17,"minecraft:cow":12,"minecraft:vindicator":1},"minecraft:crafted":{"minecraft:oak_planks":588,"minecraft:cobblestone_slab":42,"hangglider:hang_glider":1,"minecraft:cobblestone_stairs":124,"minecraft:heavy_weighted_pressure_plate":2,"minecraft:cooked_mutton":26,"minecraft:chest":23,"minecraft:oak_button":5,"minecraft:iron_door":3,"minecraft:cooked_porkchop":7,"minecraft:crafting_table":16,"simplyswords:iron_claymore":2,"minecraft:wooden_pickaxe":1,"minecraft:birch_planks":442,"minecraft:iron_chestplate":1,"minecraft:shield":4,"minecraft:stick":116,"minecraft:iron_ingot":13,"minecraft:iron_pickaxe":1,"minecraft:stone_sword":1,"hangglider:glider_framework":1,"minecraft:iron_nugget":531,"simplyswords:iron_twinblade":2,"comforts:sleeping_bag_white":2,"minecraft:furnace":2,"hangglider:glider_wing":2,"minecraft:oak_trapdoor":40,"minecraft:lantern":65,"minecraft:iron_axe":5,"minecraft:stone_pickaxe":2,"minecraft:cooked_beef":13,"minecraft:stone_axe":2,"minecraft:oak_boat":4,"minecraft:oak_chest_boat":2,"another_furniture:oak_shelf":3,"minecraft:wooden_axe":4,"minecraft:iron_shovel":1,"minecraft:white_bed":2,"minecraft:torch":124},"minecraft:picked_up":{"minecraft:iron_chestplate":2,"minecraft:wheat":331,"minecraft:lead":2,"minecraft:oak_stairs":45,"minecraft:enchanted_book":2,"minecraft:string":4,"another_furniture:oak_shelf":2,"minecraft:raw_copper":38,"minecraft:diamond_leggings":1,"minecraft:gold_nugget":134,"minecraft:cobbled_deepslate":18,"comforts:sleeping_bag_white":9,"minecraft:spruce_planks":1,"minecraft:cobblestone_slab":3,"minecraft:warped_slab":2,"minecraft:iron_pickaxe":4,"minecraft:furnace":7,"minecraft:iron_boots":6,"minecraft:stick":22,"minecraft:brown_terracotta":3,"minecraft:oak_fence":5,"minecraft:torch":84,"minecraft:spruce_stairs":2,"minecraft:porkchop":9,"minecraft:warped_planks":12,"minecraft:rotten_flesh":31,"minecraft:vex_armor_trim_smithing_template":4,"minecraft:red_tulip":5,"immersive_melodies:flute":3,"supplementaries:ash":3,"minecraft:cobblestone":1197,"minecraft:birch_log":111,"minecraft:feather":1,"minecraft:iron_door":1,"minecraft:andesite":29,"minecraft:smoker":2,"minecraft:warped_trapdoor":1,"minecraft:dirt":274,"minecraft:lantern":13,"minecraft:bone":66,"minecraft:bow":1,"minecraft:stonecutter":1,"minecraft:wheat_seeds":335,"minecraft:bell":3,"minecraft:oak_planks":197,"minecraft:black_terracotta":2,"minecraft:sand":13,"minecraft:stripped_spruce_log":6,"minecraft:dark_prismarine":7,"minecraft:white_candle":22,"minecraft:golden_apple":3,"minecraft:emerald":3,"minecraft:spruce_sign":3,"minecraft:bread":49,"minecraft:oak_sapling":7,"minecraft:dark_oak_fence":1,"minecraft:charcoal":2,"minecraft:crafting_table":22,"minecraft:azure_bluet":6,"minecraft:chicken":1,"minecraft:stripped_warped_hyphae":7,"simplyswords:iron_sai":1,"minecraft:leather_leggings":2,"minecraft:brown_mushroom":1,"gravestone:obituary":3,"minecraft:oak_trapdoor":10,"minecraft:moss_carpet":6,"minecraft:blue_orchid":1,"minecraft:candle":6,"minecraft:dark_prismarine_stairs":1,"minecraft:beef":26,"minecraft:oak_boat":4,"minecraft:spruce_slab":2,"minecraft:light_gray_wool":9,"minecraft:chest":8,"minecraft:birch_sapling":6,"minecraft:spruce_trapdoor":2,"minecraft:egg":1,"minecraft:raw_iron":53,"minecraft:oak_door":13,"minecraft:spruce_fence":9,"minecraft:prismarine_crystals":6,"minecraft:dark_oak_planks":4,"minecraft:arrow":36,"minecraft:diamond_boots":2,"minecraft:oak_chest_boat":2,"minecraft:mutton":31,"minecraft:white_wool":21,"minecraft:bone_block":119,"minecraft:stripped_oak_log":39,"minecraft:leather":12,"minecraft:birch_planks":10,"minecraft:filled_map":3,"simplyswords:iron_claymore":1,"minecraft:oak_log":148,"minecraft:yellow_bed":3,"minecraft:gunpowder":1,"minecraft:cobblestone_stairs":38,"minecraft:cooked_mutton":1,"minecraft:apple":17,"minecraft:wild_armor_trim_smithing_template":4,"minecraft:iron_ingot":47,"minecraft:book":39,"minecraft:oak_slab":38,"minecraft:pumpkin":3,"minecraft:stone_brick_slab":3,"minecraft:dandelion":2,"minecraft:white_bed":4,"minecraft:leather_helmet":1,"minecraft:oak_wood":16,"minecraft:oak_button":3,"minecraft:black_wool":1,"minecraft:coal":262}},"DataVersion":3465}