{"stats":{"minecraft:broken":{"minecraft:shield":1,"minecraft:iron_pickaxe":1},"minecraft:mined":{"minecraft:waxed_cut_copper_slab":2,"minecraft:white_bed":3,"minecraft:cherry_log":18,"minecraft:powder_snow":22,"minecraft:crafting_table":4,"gravestone:gravestone":3,"minecraft:blast_furnace":3,"minecraft:emerald_ore":17,"minecraft:grass_block":1,"minecraft:rose_bush":1,"minecraft:cobblestone":16,"minecraft:spawner":2,"minecraft:pink_petals":2,"minecraft:spore_blossom":1,"minecraft:furnace":1,"minecraft:iron_ore":78,"minecraft:fire":6,"minecraft:andesite":1,"minecraft:grass":8,"minecraft:coal_ore":60,"minecraft:cherry_leaves":1,"minecraft:gray_carpet":1,"minecraft:packed_ice":8,"minecraft:pink_tulip":1,"minecraft:stone":174},"minecraft:used":{"simplyswords:iron_claymore":36,"minecraft:stone_pickaxe":29,"minecraft:wooden_pickaxe":18,"minecraft:chest":1,"minecraft:shield":42,"minecraft:cherry_planks":8,"minecraft:torch":35,"minecraft:dirt":1,"minecraft:crafting_table":4,"minecraft:blast_furnace":3,"simplyswords:iron_twinblade":16,"minecraft:white_bed":3,"minecraft:apple":17,"minecraft:iron_axe":35,"minecraft:bread":16,"minecraft:iron_pickaxe":343,"minecraft:iron_helmet":1,"minecraft:cobblestone":117,"minecraft:furnace":2},"minecraft:killed_by":{"minecraft:husk":1,"minecraft:skeleton":2,"minecraft:enderman":1},"minecraft:crafted":{"minecraft:cherry_planks":72,"comforts:sleeping_bag_pink":1,"minecraft:crafting_table":1,"simplyswords:iron_claymore":1,"minecraft:iron_nugget":45,"simplyswords:iron_twinblade":1,"comforts:sleeping_bag_white":1,"minecraft:wooden_pickaxe":1,"minecraft:iron_helmet":1,"minecraft:furnace":1,"simplyswords:iron_warglaive":1,"minecraft:pink_dye":1,"minecraft:air":0,"minecraft:iron_boots":1,"minecraft:iron_chestplate":1,"minecraft:shield":3,"minecraft:iron_axe":1,"minecraft:stick":28,"minecraft:iron_ingot":72,"minecraft:iron_pickaxe":2,"minecraft:stone_pickaxe":1,"minecraft:chest":1,"minecraft:iron_leggings":1,"minecraft:torch":56},"minecraft:killed":{"minecraft:sheep":3,"minecraft:skeleton":7,"minecraft:zombie":1},"minecraft:picked_up":{"minecraft:pink_petals":6,"minecraft:crafting_table":4,"minecraft:cherry_planks":16,"minecraft:andesite":2,"minecraft:wooden_pickaxe":1,"gravestone:obituary":1,"simplyswords:iron_claymore":1,"minecraft:dirt":1,"minecraft:bone":10,"minecraft:gray_carpet":1,"minecraft:wheat_seeds":1,"minecraft:rabbit_hide":2,"minecraft:stone_pickaxe":1,"minecraft:iron_nugget":7,"minecraft:rabbit":3,"minecraft:furnace":2,"minecraft:raw_iron":78,"minecraft:torch":1,"minecraft:cherry_log":18,"minecraft:blast_furnace":3,"minecraft:white_bed":3,"minecraft:arrow":9,"minecraft:rotten_flesh":5,"minecraft:pumpkin_pie":5,"minecraft:pink_tulip":1,"minecraft:emerald":17,"supplementaries:ash":1,"minecraft:mutton":5,"minecraft:coal":60,"minecraft:white_wool":3,"minecraft:cobblestone":187},"minecraft:dropped":{"minecraft:furnace":1,"minecraft:wheat_seeds":1,"minecraft:iron_nugget":14,"minecraft:rabbit_hide":2,"minecraft:andesite":2,"gravestone:obituary":4,"minecraft:pumpkin_pie":10,"minecraft:stone_pickaxe":2,"minecraft:wooden_pickaxe":2,"minecraft:pink_petals":6,"simplyswords:iron_claymore":1},"minecraft:custom":{"minecraft:interact_with_smithing_table":1,"minecraft:interact_with_furnace":5,"minecraft:mob_kills":11,"minecraft:interact_with_crafting_table":27,"minecraft:tune_noteblock":1,"minecraft:open_barrel":5,"minecraft:leave_game":1,"minecraft:time_since_death":3483,"minecraft:sleep_in_bed":7,"minecraft:time_since_rest":3597,"minecraft:sprint_one_cm":237500,"minecraft:damage_taken":2097,"minecraft:walk_one_cm":277245,"minecraft:damage_blocked_by_shield":3300,"minecraft:drop":45,"minecraft:damage_dealt":2194,"minecraft:talked_to_villager":2,"minecraft:fly_one_cm":284548,"minecraft:open_chest":21,"minecraft:crouch_one_cm":2507,"minecraft:play_time":110583,"minecraft:deaths":4,"minecraft:sneak_time":1458,"minecraft:walk_under_water_one_cm":335,"minecraft:jump":1641,"minecraft:interact_with_blast_furnace":26,"minecraft:walk_on_water_one_cm":1050,"minecraft:total_world_time":110583,"minecraft:fall_one_cm":40644}},"DataVersion":3465}