{"stats":{"minecraft:mined":{"minecraft:white_bed":2,"minecraft:furnace":1,"minecraft:iron_ore":10,"minecraft:fire":6,"minecraft:cherry_log":12,"minecraft:powder_snow":4,"minecraft:crafting_table":2,"gravestone:gravestone":1,"minecraft:grass":1,"minecraft:blast_furnace":2,"minecraft:grass_block":1,"minecraft:cherry_leaves":1,"minecraft:stone":26},"minecraft:used":{"minecraft:apple":8,"minecraft:iron_axe":17,"minecraft:stone_pickaxe":22,"minecraft:wooden_pickaxe":18,"minecraft:dirt":1,"minecraft:crafting_table":1,"minecraft:furnace":1,"minecraft:white_bed":1},"minecraft:killed_by":{"minecraft:skeleton":1},"minecraft:crafted":{"minecraft:cherry_planks":48,"minecraft:shield":1,"minecraft:iron_axe":1,"minecraft:stick":8,"minecraft:wooden_pickaxe":1,"minecraft:iron_ingot":5,"minecraft:stone_pickaxe":1,"minecraft:furnace":1},"minecraft:picked_up":{"minecraft:crafting_table":2,"minecraft:raw_iron":10,"minecraft:cherry_planks":16,"minecraft:cherry_log":12,"minecraft:blast_furnace":2,"minecraft:white_bed":2,"minecraft:dirt":1,"minecraft:rabbit_hide":1,"minecraft:rabbit":3,"minecraft:cobblestone":26,"minecraft:furnace":1},"minecraft:dropped":{"gravestone:obituary":1},"minecraft:custom":{"minecraft:time_since_rest":4149,"minecraft:interact_with_smithing_table":1,"minecraft:interact_with_furnace":2,"minecraft:sprint_one_cm":111489,"minecraft:damage_taken":330,"minecraft:walk_one_cm":76655,"minecraft:drop":1,"minecraft:damage_dealt":90,"minecraft:talked_to_villager":2,"minecraft:tune_noteblock":1,"minecraft:interact_with_crafting_table":5,"minecraft:fly_one_cm":136801,"minecraft:open_chest":11,"minecraft:crouch_one_cm":196,"minecraft:play_time":26584,"minecraft:deaths":1,"minecraft:sneak_time":242,"minecraft:jump":506,"minecraft:time_since_death":9648,"minecraft:sleep_in_bed":2,"minecraft:total_world_time":26584,"minecraft:fall_one_cm":11065}},"DataVersion":3465}