{"stats":{"minecraft:crafted":{"minecraft:oak_planks":112,"minecraft:cooked_porkchop":7,"simplyswords:iron_twinblade":2,"minecraft:crafting_table":3,"comforts:sleeping_bag_white":1,"minecraft:wooden_pickaxe":1,"minecraft:furnace":1,"minecraft:birch_planks":288,"minecraft:stone_axe":2,"minecraft:cooked_mutton":9,"minecraft:iron_chestplate":1,"minecraft:shield":2,"minecraft:iron_axe":1,"minecraft:stick":60,"minecraft:iron_ingot":13,"minecraft:iron_pickaxe":1,"minecraft:stone_pickaxe":2,"minecraft:wooden_axe":3,"minecraft:stone_sword":1,"minecraft:oak_button":3,"minecraft:torch":64},"minecraft:picked_up":{"minecraft:birch_log":72,"minecraft:crafting_table":9,"minecraft:feather":1,"minecraft:chicken":1,"minecraft:andesite":28,"minecraft:brown_mushroom":1,"minecraft:birch_planks":4,"minecraft:oak_log":12,"gravestone:obituary":2,"minecraft:dirt":34,"minecraft:bone":9,"minecraft:blue_orchid":1,"minecraft:wheat_seeds":1,"minecraft:cobbled_deepslate":18,"comforts:sleeping_bag_white":2,"minecraft:spruce_planks":1,"minecraft:iron_ingot":8,"minecraft:birch_sapling":4,"minecraft:oak_planks":9,"minecraft:furnace":6,"minecraft:egg":1,"minecraft:black_terracotta":2,"minecraft:stick":3,"minecraft:raw_iron":47,"minecraft:brown_terracotta":3,"minecraft:torch":13,"minecraft:spruce_fence":9,"minecraft:porkchop":7,"minecraft:white_bed":1,"minecraft:dark_oak_planks":4,"minecraft:oak_wood":16,"minecraft:arrow":5,"minecraft:rotten_flesh":27,"minecraft:diamond_boots":1,"minecraft:emerald":1,"minecraft:oak_button":3,"supplementaries:ash":2,"minecraft:oak_sapling":1,"minecraft:dark_oak_fence":1,"minecraft:mutton":10,"minecraft:coal":214,"minecraft:cobblestone":172,"minecraft:white_wool":5},"minecraft:mined":{"minecraft:dark_oak_planks":4,"minecraft:spruce_planks":3,"minecraft:white_bed":1,"minecraft:black_terracotta":2,"minecraft:ladder":2,"minecraft:crafting_table":9,"minecraft:torch":1,"minecraft:dark_oak_fence":2,"gravestone:gravestone":10,"minecraft:oak_wood":16,"minecraft:grass_block":7,"minecraft:spruce_fence":11,"minecraft:cobblestone":4,"minecraft:birch_planks":5,"minecraft:furnace":6,"minecraft:cobbled_deepslate":1,"minecraft:birch_log":73,"minecraft:iron_ore":32,"minecraft:birch_leaves":22,"minecraft:andesite":38,"minecraft:grass":19,"minecraft:oak_log":12,"minecraft:coal_ore":94,"minecraft:deepslate_iron_ore":8,"minecraft:dirt":9,"minecraft:brown_terracotta":3,"minecraft:stone":151,"minecraft:oak_leaves":10,"minecraft:deepslate":22},"minecraft:killed_by":{"minecraft:skeleton":9,"minecraft:creeper":2,"minecraft:zombie":6},"minecraft:used":{"minecraft:cooked_mutton":9,"minecraft:stone_sword":110,"minecraft:birch_planks":131,"minecraft:stone_pickaxe":265,"minecraft:oak_planks":10,"minecraft:shield":44,"minecraft:wooden_pickaxe":40,"minecraft:torch":61,"minecraft:glow_berries":7,"minecraft:dirt":23,"minecraft:mutton":1,"minecraft:crafting_table":11,"simplyswords:iron_twinblade":55,"minecraft:crossbow":3,"minecraft:white_bed":1,"minecraft:dark_oak_planks":2,"minecraft:wooden_axe":48,"minecraft:apple":3,"minecraft:bread":4,"minecraft:iron_axe":61,"minecraft:iron_pickaxe":74,"minecraft:iron_boots":1,"minecraft:stone_axe":77,"minecraft:cobblestone":89,"minecraft:cooked_porkchop":7,"minecraft:oak_sapling":1,"minecraft:furnace":6,"comforts:sleeping_bag_white":2,"minecraft:cobbled_deepslate":17},"minecraft:dropped":{"minecraft:furnace":1,"minecraft:brown_mushroom":1,"minecraft:stone_sword":1,"simplyswords:iron_twinblade":2,"minecraft:crafting_table":1,"minecraft:birch_sapling":3,"minecraft:crossbow":1,"minecraft:chicken":1,"minecraft:feather":1,"minecraft:rotten_flesh":27,"minecraft:spruce_fence":4,"minecraft:coal":1,"minecraft:stick":10,"minecraft:dirt":10,"supplementaries:ash":2,"minecraft:shield":1,"minecraft:oak_button":6,"minecraft:dark_oak_fence":1,"minecraft:andesite":24,"gravestone:obituary":16,"minecraft:arrow":4,"minecraft:white_wool":2,"minecraft:egg":1},"minecraft:killed":{"minecraft:pig":4,"minecraft:sheep":6,"minecraft:skeleton":6,"minecraft:pillager":2,"minecraft:zombie":10,"minecraft:chicken":1},"minecraft:custom":{"minecraft:interact_with_furnace":26,"minecraft:interact_with_anvil":1,"minecraft:mob_kills":31,"minecraft:open_barrel":2,"minecraft:interact_with_crafting_table":18,"minecraft:time_since_death":727,"minecraft:sleep_in_bed":2,"minecraft:climb_one_cm":970,"minecraft:time_since_rest":761,"minecraft:sprint_one_cm":211954,"minecraft:damage_taken":6252,"minecraft:walk_one_cm":364908,"minecraft:damage_blocked_by_shield":2640,"minecraft:drop":112,"minecraft:damage_dealt":4048,"minecraft:talked_to_villager":1,"minecraft:fly_one_cm":162560,"minecraft:open_chest":10,"minecraft:crouch_one_cm":15560,"minecraft:play_time":109575,"minecraft:deaths":17,"minecraft:sneak_time":7577,"minecraft:jump":1683,"minecraft:total_world_time":109575,"minecraft:fall_one_cm":29459},"minecraft:broken":{"minecraft:stone_pickaxe":2,"minecraft:diamond_boots":1,"minecraft:stone_axe":1}},"DataVersion":3465}