{"stats":{"minecraft:crafted":{"minecraft:oak_planks":48,"minecraft:cooked_porkchop":7,"simplyswords:iron_twinblade":2,"minecraft:crafting_table":1,"comforts:sleeping_bag_white":1,"minecraft:wooden_pickaxe":1,"minecraft:furnace":1,"minecraft:birch_planks":68,"minecraft:stone_axe":2,"minecraft:cooked_mutton":9,"minecraft:shield":1,"minecraft:iron_axe":1,"minecraft:stick":32,"minecraft:iron_ingot":13,"minecraft:iron_pickaxe":1,"minecraft:stone_pickaxe":2,"minecraft:wooden_axe":1,"minecraft:stone_sword":1,"minecraft:oak_button":3,"minecraft:torch":64},"minecraft:picked_up":{"minecraft:birch_log":17,"minecraft:crafting_table":9,"minecraft:feather":1,"minecraft:chicken":1,"minecraft:andesite":28,"minecraft:brown_mushroom":1,"minecraft:birch_planks":4,"minecraft:oak_log":12,"gravestone:obituary":2,"minecraft:dirt":33,"minecraft:bone":6,"minecraft:blue_orchid":1,"minecraft:cobbled_deepslate":18,"comforts:sleeping_bag_white":1,"minecraft:iron_ingot":8,"minecraft:birch_sapling":4,"minecraft:oak_planks":9,"minecraft:furnace":6,"minecraft:egg":1,"minecraft:stick":3,"minecraft:raw_iron":47,"minecraft:torch":13,"minecraft:spruce_fence":8,"minecraft:porkchop":7,"minecraft:white_bed":1,"minecraft:arrow":4,"minecraft:rotten_flesh":27,"minecraft:diamond_boots":1,"minecraft:emerald":1,"minecraft:oak_button":3,"supplementaries:ash":2,"minecraft:oak_sapling":1,"minecraft:dark_oak_fence":1,"minecraft:mutton":10,"minecraft:coal":214,"minecraft:cobblestone":172,"minecraft:white_wool":5},"minecraft:mined":{"minecraft:white_bed":1,"minecraft:crafting_table":9,"minecraft:torch":1,"minecraft:dark_oak_fence":2,"gravestone:gravestone":8,"minecraft:grass_block":7,"minecraft:spruce_fence":11,"minecraft:cobblestone":4,"minecraft:birch_planks":4,"minecraft:furnace":6,"minecraft:cobbled_deepslate":1,"minecraft:birch_log":18,"minecraft:iron_ore":32,"minecraft:birch_leaves":21,"minecraft:andesite":38,"minecraft:grass":9,"minecraft:oak_log":12,"minecraft:coal_ore":94,"minecraft:deepslate_iron_ore":8,"minecraft:dirt":8,"minecraft:stone":151,"minecraft:oak_leaves":8,"minecraft:deepslate":22},"minecraft:killed_by":{"minecraft:skeleton":6,"minecraft:creeper":2},"minecraft:used":{"minecraft:cooked_mutton":9,"minecraft:stone_sword":110,"minecraft:birch_planks":66,"minecraft:stone_pickaxe":265,"minecraft:shield":44,"minecraft:wooden_pickaxe":40,"minecraft:torch":59,"minecraft:dirt":23,"minecraft:mutton":1,"minecraft:crafting_table":9,"simplyswords:iron_twinblade":51,"minecraft:crossbow":3,"minecraft:white_bed":1,"minecraft:wooden_axe":1,"minecraft:apple":3,"minecraft:iron_axe":32,"minecraft:iron_pickaxe":69,"minecraft:stone_axe":77,"minecraft:cobblestone":86,"minecraft:cooked_porkchop":7,"minecraft:oak_sapling":1,"minecraft:furnace":6,"comforts:sleeping_bag_white":1,"minecraft:cobbled_deepslate":17},"minecraft:dropped":{"minecraft:brown_mushroom":1,"minecraft:stone_sword":1,"simplyswords:iron_twinblade":1,"minecraft:birch_sapling":3,"minecraft:crossbow":1,"minecraft:chicken":1,"minecraft:feather":1,"minecraft:rotten_flesh":27,"minecraft:spruce_fence":4,"minecraft:coal":1,"minecraft:dirt":9,"supplementaries:ash":2,"minecraft:oak_button":6,"minecraft:dark_oak_fence":1,"minecraft:andesite":24,"gravestone:obituary":10,"minecraft:arrow":4,"minecraft:egg":1},"minecraft:killed":{"minecraft:pig":4,"minecraft:sheep":6,"minecraft:skeleton":5,"minecraft:pillager":2,"minecraft:zombie":10,"minecraft:chicken":1},"minecraft:custom":{"minecraft:interact_with_furnace":25,"minecraft:mob_kills":30,"minecraft:interact_with_crafting_table":15,"minecraft:time_since_death":7613,"minecraft:sleep_in_bed":1,"minecraft:climb_one_cm":234,"minecraft:time_since_rest":7654,"minecraft:sprint_one_cm":185270,"minecraft:damage_taken":3657,"minecraft:walk_one_cm":316376,"minecraft:damage_blocked_by_shield":2640,"minecraft:drop":98,"minecraft:damage_dealt":3935,"minecraft:talked_to_villager":1,"minecraft:fly_one_cm":137843,"minecraft:open_chest":1,"minecraft:crouch_one_cm":13082,"minecraft:play_time":85575,"minecraft:deaths":8,"minecraft:sneak_time":6656,"minecraft:jump":1360,"minecraft:total_world_time":85575,"minecraft:fall_one_cm":26581},"minecraft:broken":{"minecraft:stone_pickaxe":2,"minecraft:diamond_boots":1,"minecraft:stone_axe":1}},"DataVersion":3465}