{"stats":{"minecraft:mined":{"minecraft:pink_petals":2,"minecraft:white_bed":3,"minecraft:furnace":1,"minecraft:iron_ore":10,"minecraft:fire":6,"minecraft:cherry_log":12,"minecraft:andesite":1,"minecraft:powder_snow":4,"minecraft:crafting_table":3,"gravestone:gravestone":1,"minecraft:grass":6,"minecraft:blast_furnace":3,"minecraft:grass_block":1,"minecraft:coal_ore":4,"minecraft:cherry_leaves":1,"minecraft:stone":28},"minecraft:used":{"minecraft:apple":13,"minecraft:iron_axe":18,"minecraft:stone_pickaxe":29,"minecraft:iron_pickaxe":7,"minecraft:shield":1,"minecraft:wooden_pickaxe":18,"minecraft:dirt":1,"minecraft:cobblestone":9,"minecraft:crafting_table":2,"minecraft:furnace":1,"minecraft:blast_furnace":1,"minecraft:white_bed":2},"minecraft:killed_by":{"minecraft:skeleton":1},"minecraft:crafted":{"minecraft:cherry_planks":48,"minecraft:shield":1,"minecraft:iron_axe":1,"minecraft:stick":8,"minecraft:iron_pickaxe":1,"minecraft:wooden_pickaxe":1,"minecraft:iron_ingot":12,"minecraft:stone_pickaxe":1,"minecraft:furnace":1},"minecraft:picked_up":{"minecraft:pink_petals":6,"minecraft:crafting_table":3,"minecraft:raw_iron":10,"minecraft:cherry_planks":16,"minecraft:andesite":2,"minecraft:wooden_pickaxe":1,"minecraft:cherry_log":12,"minecraft:blast_furnace":3,"minecraft:white_bed":3,"minecraft:dirt":1,"minecraft:wheat_seeds":1,"minecraft:pumpkin_pie":5,"minecraft:rabbit_hide":2,"minecraft:stone_pickaxe":1,"minecraft:iron_nugget":7,"minecraft:rabbit":3,"minecraft:coal":4,"minecraft:cobblestone":28,"minecraft:furnace":2},"minecraft:dropped":{"minecraft:rabbit_hide":2,"minecraft:furnace":1,"minecraft:wheat_seeds":1,"minecraft:iron_nugget":14,"minecraft:andesite":2,"gravestone:obituary":1,"minecraft:pumpkin_pie":10,"minecraft:stone_pickaxe":2,"minecraft:wooden_pickaxe":2,"minecraft:pink_petals":6},"minecraft:custom":{"minecraft:time_since_rest":2491,"minecraft:interact_with_smithing_table":1,"minecraft:interact_with_furnace":2,"minecraft:sprint_one_cm":124840,"minecraft:damage_taken":420,"minecraft:walk_one_cm":95587,"minecraft:damage_blocked_by_shield":60,"minecraft:drop":41,"minecraft:damage_dealt":90,"minecraft:talked_to_villager":2,"minecraft:tune_noteblock":1,"minecraft:interact_with_crafting_table":7,"minecraft:fly_one_cm":149157,"minecraft:open_chest":12,"minecraft:crouch_one_cm":196,"minecraft:play_time":38584,"minecraft:deaths":1,"minecraft:sneak_time":242,"minecraft:jump":632,"minecraft:interact_with_blast_furnace":2,"minecraft:time_since_death":21648,"minecraft:sleep_in_bed":3,"minecraft:total_world_time":38584,"minecraft:fall_one_cm":12704}},"DataVersion":3465}