{"stats":{"minecraft:broken":{"minecraft:stone_pickaxe":2,"minecraft:diamond_boots":1,"minecraft:stone_axe":1},"minecraft:killed":{"minecraft:skeleton":6,"minecraft:chicken":1,"minecraft:wolf":1,"minecraft:pig":5,"minecraft:sheep":17,"minecraft:pillager":2,"minecraft:zombie":10,"minecraft:cow":10},"minecraft:killed_by":{"minecraft:creeper":2,"minecraft:skeleton":12,"minecraft:zombie":10},"minecraft:picked_up":{"minecraft:crafting_table":19,"minecraft:iron_chestplate":2,"minecraft:chicken":1,"minecraft:brown_mushroom":1,"gravestone:obituary":3,"minecraft:blue_orchid":1,"minecraft:cobbled_deepslate":18,"comforts:sleeping_bag_white":7,"minecraft:spruce_planks":1,"minecraft:beef":22,"minecraft:birch_sapling":6,"minecraft:furnace":6,"minecraft:egg":1,"minecraft:stick":3,"minecraft:raw_iron":47,"minecraft:brown_terracotta":3,"minecraft:torch":15,"minecraft:spruce_fence":9,"minecraft:porkchop":9,"minecraft:dark_oak_planks":4,"minecraft:rotten_flesh":27,"minecraft:arrow":5,"minecraft:diamond_boots":1,"supplementaries:ash":2,"minecraft:mutton":27,"minecraft:white_wool":14,"minecraft:cobblestone":187,"minecraft:birch_log":111,"minecraft:feather":1,"minecraft:andesite":29,"minecraft:leather":9,"minecraft:birch_planks":10,"minecraft:oak_log":37,"minecraft:dirt":34,"minecraft:lantern":3,"minecraft:cooked_mutton":1,"minecraft:bone":9,"minecraft:apple":1,"minecraft:wheat_seeds":1,"minecraft:iron_ingot":8,"minecraft:oak_planks":27,"minecraft:black_terracotta":2,"minecraft:stone_brick_slab":3,"minecraft:dandelion":2,"minecraft:white_bed":2,"minecraft:oak_wood":16,"minecraft:emerald":1,"minecraft:oak_button":3,"minecraft:coal":214,"minecraft:oak_sapling":2,"minecraft:black_wool":1,"minecraft:dark_oak_fence":1},"minecraft:custom":{"minecraft:mob_kills":55,"minecraft:interact_with_anvil":1,"minecraft:interact_with_crafting_table":37,"minecraft:open_barrel":4,"minecraft:leave_game":3,"minecraft:time_since_death":91648,"minecraft:climb_one_cm":1134,"minecraft:sprint_one_cm":378935,"minecraft:walk_one_cm":621082,"minecraft:damage_blocked_by_shield":2640,"minecraft:drop":152,"minecraft:talked_to_villager":1,"minecraft:play_time":208157,"minecraft:deaths":24,"minecraft:sneak_time":10442,"minecraft:walk_under_water_one_cm":5783,"minecraft:boat_one_cm":145890,"minecraft:jump":2617,"minecraft:walk_on_water_one_cm":7513,"minecraft:total_world_time":208157,"minecraft:interact_with_furnace":30,"minecraft:sleep_in_bed":8,"minecraft:time_since_rest":7948,"minecraft:damage_taken":8750,"minecraft:damage_dealt":6192,"minecraft:swim_one_cm":21360,"minecraft:fly_one_cm":283390,"minecraft:open_chest":30,"minecraft:crouch_one_cm":25275,"minecraft:fall_one_cm":50421},"minecraft:crafted":{"hangglider:glider_framework":1,"minecraft:oak_planks":212,"simplyswords:iron_twinblade":2,"comforts:sleeping_bag_white":1,"hangglider:hang_glider":1,"minecraft:furnace":2,"hangglider:glider_wing":2,"minecraft:cooked_mutton":26,"minecraft:iron_axe":1,"minecraft:stone_pickaxe":2,"minecraft:chest":2,"minecraft:oak_button":3,"minecraft:cooked_porkchop":7,"minecraft:crafting_table":14,"minecraft:wooden_pickaxe":1,"minecraft:birch_planks":442,"minecraft:stone_axe":2,"minecraft:oak_boat":1,"minecraft:iron_chestplate":1,"minecraft:shield":2,"minecraft:stick":76,"minecraft:iron_ingot":13,"minecraft:iron_pickaxe":1,"another_furniture:oak_shelf":3,"minecraft:wooden_axe":4,"minecraft:stone_sword":1,"minecraft:white_bed":1,"minecraft:torch":64},"minecraft:used":{"minecraft:stone_sword":110,"minecraft:chest":2,"minecraft:shield":44,"minecraft:torch":70,"minecraft:dirt":23,"minecraft:mutton":1,"minecraft:stone_brick_slab":2,"minecraft:dark_oak_planks":2,"minecraft:wooden_axe":74,"minecraft:lantern":3,"minecraft:iron_axe":168,"minecraft:iron_boots":1,"minecraft:oak_sapling":1,"minecraft:furnace":7,"comforts:sleeping_bag_white":7,"minecraft:cobbled_deepslate":17,"minecraft:cooked_mutton":16,"minecraft:birch_planks":263,"minecraft:stone_pickaxe":265,"minecraft:oak_planks":140,"minecraft:wooden_pickaxe":40,"minecraft:glow_berries":7,"minecraft:crafting_table":13,"simplyswords:iron_twinblade":64,"minecraft:crossbow":3,"minecraft:white_bed":3,"minecraft:apple":3,"minecraft:bread":8,"minecraft:iron_pickaxe":98,"minecraft:stone_axe":77,"minecraft:cobblestone":156,"minecraft:cooked_porkchop":7,"minecraft:andesite":1,"minecraft:oak_boat":1,"another_furniture:oak_shelf":2},"minecraft:mined":{"minecraft:dark_oak_planks":4,"minecraft:spruce_planks":3,"minecraft:white_bed":2,"minecraft:black_terracotta":2,"gravestone:gravestone":15,"minecraft:ladder":2,"minecraft:dark_oak_fence":2,"minecraft:grass_block":7,"minecraft:spruce_fence":12,"minecraft:furnace":6,"minecraft:iron_ore":32,"minecraft:cobbled_deepslate":1,"minecraft:andesite":39,"minecraft:deepslate_iron_ore":8,"minecraft:vine":1,"minecraft:lantern":3,"minecraft:stone":151,"minecraft:stone_brick_slab":3,"minecraft:crafting_table":10,"minecraft:torch":3,"minecraft:oak_wood":16,"minecraft:cobblestone":20,"minecraft:oak_planks":18,"minecraft:birch_planks":11,"minecraft:birch_log":113,"minecraft:birch_leaves":39,"minecraft:grass":19,"minecraft:oak_log":37,"minecraft:coal_ore":94,"minecraft:dirt":9,"minecraft:brown_terracotta":3,"minecraft:oak_leaves":19,"minecraft:deepslate":22},"minecraft:dropped":{"minecraft:brown_mushroom":1,"minecraft:crafting_table":20,"minecraft:crossbow":1,"minecraft:feather":1,"minecraft:coal":1,"minecraft:stick":11,"minecraft:dirt":10,"minecraft:dark_oak_fence":1,"minecraft:wooden_axe":1,"gravestone:obituary":20,"minecraft:white_wool":2,"minecraft:dandelion":2,"minecraft:furnace":1,"minecraft:stone_sword":1,"simplyswords:iron_twinblade":2,"minecraft:birch_sapling":5,"minecraft:chicken":1,"minecraft:rotten_flesh":27,"minecraft:oak_planks":4,"minecraft:cooked_mutton":1,"minecraft:spruce_fence":4,"supplementaries:ash":2,"minecraft:shield":1,"minecraft:oak_button":6,"minecraft:spruce_planks":1,"minecraft:iron_chestplate":2,"minecraft:andesite":24,"minecraft:oak_sapling":1,"minecraft:arrow":4,"minecraft:wooden_pickaxe":1,"minecraft:black_wool":1,"minecraft:egg":1}},"DataVersion":3465}