{"stats":{"minecraft:used":{"minecraft:bread":8,"minecraft:oak_planks":18,"minecraft:iron_pickaxe":190,"minecraft:iron_helmet":1,"minecraft:shield":2,"minecraft:iron_boots":1,"minecraft:stone_axe":126,"minecraft:dirt":20,"minecraft:crafting_table":1,"minecraft:oak_boat":1,"minecraft:iron_leggings":1},"minecraft:dropped":{"minecraft:shield":1,"minecraft:oak_planks":2,"minecraft:birch_log":2},"minecraft:custom":{"minecraft:time_since_rest":13132,"minecraft:sprint_one_cm":42484,"minecraft:damage_taken":787,"minecraft:walk_one_cm":195989,"minecraft:damage_blocked_by_shield":80,"minecraft:mob_kills":4,"minecraft:drop":4,"minecraft:damage_dealt":400,"minecraft:swim_one_cm":77052,"minecraft:interact_with_crafting_table":3,"minecraft:fly_one_cm":17940,"minecraft:open_barrel":4,"minecraft:open_chest":3,"minecraft:crouch_one_cm":42,"minecraft:play_time":93301,"minecraft:deaths":1,"minecraft:sneak_time":21,"minecraft:walk_under_water_one_cm":20109,"minecraft:boat_one_cm":147711,"minecraft:jump":888,"minecraft:climb_one_cm":897,"minecraft:leave_game":2,"minecraft:walk_on_water_one_cm":46611,"minecraft:time_since_death":13080,"minecraft:sleep_in_bed":5,"minecraft:total_world_time":93301,"minecraft:fall_one_cm":11847},"minecraft:killed_by":{"minecraft:husk":1},"minecraft:broken":{"minecraft:stone_axe":1},"minecraft:mined":{"minecraft:jungle_wood":4,"minecraft:birch_log":2,"minecraft:peony":22,"gravestone:gravestone":1,"minecraft:grass":16,"minecraft:grass_block":4,"minecraft:oak_log":85,"minecraft:dirt":4,"minecraft:gravel":12,"minecraft:copper_ore":3,"minecraft:stone":142,"minecraft:sugar_cane":2,"minecraft:oak_leaves":17,"minecraft:fern":1},"minecraft:killed":{"minecraft:cow":4},"minecraft:crafted":{"minecraft:oak_boat":1,"minecraft:oak_planks":328,"minecraft:crafting_table":1,"minecraft:stick":20,"minecraft:stone_axe":1},"minecraft:picked_up":{"minecraft:birch_log":4,"minecraft:stick":1,"minecraft:leather":4,"minecraft:jungle_wood":3,"minecraft:gravel":11,"minecraft:oak_log":83,"minecraft:shield":2,"minecraft:dirt":27,"minecraft:raw_copper":9,"minecraft:rotten_flesh":2,"minecraft:peony":21,"minecraft:beef":10,"minecraft:oak_boat":1,"minecraft:bread":8,"supplementaries:ash":1,"minecraft:sugar_cane":2,"minecraft:oak_planks":2,"minecraft:cobblestone":139}},"DataVersion":3465}