{"stats":{"minecraft:broken":{"minecraft:stone_axe":1},"minecraft:killed":{"minecraft:cow":4},"minecraft:picked_up":{"minecraft:birch_log":2,"minecraft:rotten_flesh":2,"minecraft:leather":4,"minecraft:peony":17,"minecraft:beef":9,"minecraft:oak_log":83,"supplementaries:ash":1,"minecraft:sugar_cane":2,"minecraft:dirt":19},"minecraft:crafted":{"minecraft:oak_planks":328,"minecraft:stick":20},"minecraft:custom":{"minecraft:time_since_rest":7223,"minecraft:open_chest":2,"minecraft:crouch_one_cm":42,"minecraft:play_time":35862,"minecraft:sprint_one_cm":15072,"minecraft:damage_taken":52,"minecraft:walk_one_cm":66648,"minecraft:sneak_time":21,"minecraft:walk_under_water_one_cm":5702,"minecraft:mob_kills":4,"minecraft:jump":191,"minecraft:damage_dealt":400,"minecraft:time_since_death":35862,"minecraft:walk_on_water_one_cm":14874,"minecraft:sleep_in_bed":2,"minecraft:total_world_time":35862,"minecraft:interact_with_crafting_table":1,"minecraft:fly_one_cm":5452,"minecraft:swim_one_cm":17275,"minecraft:fall_one_cm":2479},"minecraft:used":{"minecraft:stone_axe":122,"minecraft:oak_planks":7,"minecraft:iron_pickaxe":22,"minecraft:iron_helmet":1,"minecraft:iron_boots":1,"minecraft:iron_leggings":1},"minecraft:mined":{"minecraft:grass":16,"minecraft:oak_log":85,"minecraft:birch_log":2,"minecraft:sugar_cane":2,"minecraft:oak_leaves":17,"minecraft:peony":19}},"DataVersion":3465}