{"stats":{"minecraft:used":{"minecraft:oak_planks":7,"minecraft:iron_pickaxe":153,"minecraft:iron_helmet":1,"minecraft:iron_boots":1,"minecraft:stone_axe":122,"minecraft:dirt":2,"minecraft:iron_leggings":1},"minecraft:custom":{"minecraft:time_since_rest":12070,"minecraft:sprint_one_cm":27808,"minecraft:damage_taken":134,"minecraft:walk_one_cm":120492,"minecraft:mob_kills":4,"minecraft:damage_dealt":400,"minecraft:swim_one_cm":22035,"minecraft:interact_with_crafting_table":1,"minecraft:fly_one_cm":11853,"minecraft:open_chest":2,"minecraft:crouch_one_cm":42,"minecraft:play_time":57301,"minecraft:sneak_time":21,"minecraft:walk_under_water_one_cm":7977,"minecraft:jump":347,"minecraft:leave_game":2,"minecraft:walk_on_water_one_cm":24722,"minecraft:time_since_death":57301,"minecraft:sleep_in_bed":4,"minecraft:total_world_time":57301,"minecraft:fall_one_cm":8019},"minecraft:broken":{"minecraft:stone_axe":1},"minecraft:mined":{"minecraft:birch_log":2,"minecraft:peony":22,"minecraft:grass":16,"minecraft:grass_block":1,"minecraft:oak_log":85,"minecraft:gravel":12,"minecraft:copper_ore":2,"minecraft:stone":113,"minecraft:sugar_cane":2,"minecraft:oak_leaves":17},"minecraft:killed":{"minecraft:cow":4},"minecraft:crafted":{"minecraft:oak_planks":328,"minecraft:stick":20},"minecraft:picked_up":{"minecraft:birch_log":2,"minecraft:stick":1,"minecraft:leather":4,"minecraft:gravel":11,"minecraft:oak_log":83,"minecraft:dirt":20,"minecraft:raw_copper":6,"minecraft:rotten_flesh":2,"minecraft:peony":21,"minecraft:beef":10,"supplementaries:ash":1,"minecraft:sugar_cane":2,"minecraft:cobblestone":112}},"DataVersion":3465}