{"stats":{"minecraft:used":{"minecraft:oak_planks":23,"minecraft:shield":2,"minecraft:chainmail_helmet":3,"minecraft:dirt":20,"minecraft:crafting_table":1,"minecraft:bread":8,"minecraft:iron_pickaxe":384,"minecraft:iron_helmet":4,"minecraft:iron_boots":1,"minecraft:stone_axe":136,"minecraft:birch_log":2,"minecraft:oak_boat":1,"minecraft:iron_leggings":1},"minecraft:dropped":{"minecraft:stone_axe":1,"simplyswords:iron_twinblade":1,"minecraft:cobblestone":2,"minecraft:oak_planks":2,"minecraft:chainmail_helmet":1,"minecraft:shield":1,"minecraft:peony":1,"minecraft:birch_log":2},"minecraft:custom":{"minecraft:mob_kills":4,"minecraft:interact_with_crafting_table":3,"minecraft:open_barrel":5,"minecraft:leave_game":2,"minecraft:time_since_death":25080,"minecraft:sleep_in_bed":5,"minecraft:climb_one_cm":897,"minecraft:time_since_rest":25132,"minecraft:sprint_one_cm":43022,"minecraft:damage_taken":849,"minecraft:walk_one_cm":237262,"minecraft:damage_blocked_by_shield":80,"minecraft:drop":10,"minecraft:damage_dealt":400,"minecraft:swim_one_cm":77052,"minecraft:fly_one_cm":17994,"minecraft:open_chest":4,"minecraft:crouch_one_cm":42,"minecraft:play_time":105301,"minecraft:deaths":1,"minecraft:sneak_time":21,"minecraft:walk_under_water_one_cm":20109,"minecraft:boat_one_cm":147711,"minecraft:jump":999,"minecraft:walk_on_water_one_cm":46611,"minecraft:total_world_time":105301,"minecraft:fall_one_cm":15867},"minecraft:killed_by":{"minecraft:husk":1},"minecraft:broken":{"minecraft:stone_axe":1},"minecraft:mined":{"minecraft:dark_oak_planks":2,"minecraft:jungle_leaves":12,"gravestone:gravestone":1,"minecraft:grass_block":4,"minecraft:copper_ore":3,"minecraft:sugar_cane":2,"minecraft:diorite":13,"minecraft:jungle_wood":11,"minecraft:birch_log":2,"minecraft:iron_ore":11,"minecraft:peony":22,"minecraft:grass":16,"minecraft:oak_log":85,"minecraft:coal_ore":20,"minecraft:gravel":12,"minecraft:dirt":4,"minecraft:stone":204,"minecraft:bone_block":77,"minecraft:oak_leaves":17,"minecraft:fern":1},"minecraft:killed":{"minecraft:cow":4},"minecraft:crafted":{"minecraft:oak_planks":328,"minecraft:crafting_table":1,"minecraft:stone_axe":1,"minecraft:oak_boat":1,"minecraft:stick":20},"minecraft:picked_up":{"minecraft:birch_log":4,"minecraft:leather":4,"minecraft:jungle_wood":11,"minecraft:oak_log":83,"minecraft:shield":2,"minecraft:dirt":27,"minecraft:raw_copper":9,"minecraft:beef":10,"minecraft:oak_boat":1,"minecraft:sugar_cane":2,"minecraft:oak_planks":2,"minecraft:stick":1,"minecraft:raw_iron":11,"minecraft:gravel":11,"minecraft:rotten_flesh":2,"minecraft:stone_axe":1,"minecraft:peony":22,"minecraft:bread":8,"supplementaries:ash":1,"minecraft:coal":20,"minecraft:bone_block":64,"minecraft:cobblestone":197}},"DataVersion":3465}