{"stats":{"minecraft:killed":{"minecraft:cow":1},"minecraft:picked_up":{"minecraft:birch_log":2,"minecraft:leather":1,"minecraft:peony":2,"minecraft:beef":2,"minecraft:oak_log":57},"minecraft:custom":{"minecraft:time_since_rest":9305,"minecraft:open_chest":1,"minecraft:crouch_one_cm":42,"minecraft:play_time":23862,"minecraft:sprint_one_cm":5938,"minecraft:walk_one_cm":37610,"minecraft:sneak_time":21,"minecraft:walk_under_water_one_cm":1733,"minecraft:mob_kills":1,"minecraft:jump":141,"minecraft:damage_dealt":100,"minecraft:time_since_death":23862,"minecraft:walk_on_water_one_cm":6184,"minecraft:sleep_in_bed":1,"minecraft:total_world_time":23862,"minecraft:fly_one_cm":3838,"minecraft:swim_one_cm":7312,"minecraft:fall_one_cm":2001},"minecraft:used":{"minecraft:stone_axe":70,"minecraft:iron_helmet":1,"minecraft:iron_boots":1,"minecraft:iron_leggings":1},"minecraft:mined":{"minecraft:grass":2,"minecraft:oak_log":58,"minecraft:birch_log":2,"minecraft:oak_leaves":9,"minecraft:peony":2}},"DataVersion":3465}