{"stats":{"minecraft:used":{"minecraft:oak_planks":58,"minecraft:shield":2,"minecraft:chainmail_helmet":3,"minecraft:dirt":20,"minecraft:crafting_table":1,"minecraft:bread":8,"minecraft:iron_pickaxe":646,"minecraft:iron_helmet":4,"minecraft:iron_boots":1,"minecraft:stone_axe":195,"minecraft:birch_log":2,"minecraft:oak_boat":2,"minecraft:iron_leggings":1},"minecraft:dropped":{"minecraft:gravel":11,"minecraft:stone_axe":1,"simplyswords:iron_twinblade":1,"immersive_melodies:flute":1,"minecraft:cobblestone":2,"minecraft:rotten_flesh":6,"minecraft:oak_planks":3,"minecraft:chainmail_helmet":1,"minecraft:music_disc_13":1,"minecraft:dirt":39,"minecraft:shield":1,"minecraft:peony":1,"gravestone:obituary":1,"minecraft:iron_pickaxe":1,"minecraft:birch_log":2},"minecraft:custom":{"minecraft:interact_with_furnace":1,"minecraft:mob_kills":8,"minecraft:interact_with_crafting_table":3,"minecraft:open_barrel":15,"minecraft:interact_with_loom":3,"minecraft:leave_game":2,"minecraft:time_since_death":43825,"minecraft:sleep_in_bed":8,"minecraft:climb_one_cm":3273,"minecraft:time_since_rest":21424,"minecraft:sprint_one_cm":66147,"minecraft:damage_taken":1652,"minecraft:walk_one_cm":561308,"minecraft:damage_blocked_by_shield":80,"minecraft:drop":24,"minecraft:damage_dealt":690,"minecraft:talked_to_villager":4,"minecraft:swim_one_cm":214429,"minecraft:fly_one_cm":28385,"minecraft:open_chest":37,"minecraft:crouch_one_cm":310,"minecraft:play_time":207301,"minecraft:deaths":4,"minecraft:sneak_time":68,"minecraft:walk_under_water_one_cm":38495,"minecraft:boat_one_cm":830725,"minecraft:jump":2271,"minecraft:walk_on_water_one_cm":75356,"minecraft:total_world_time":207301,"minecraft:fall_one_cm":31259},"minecraft:killed_by":{"minecraft:vindicator":1,"minecraft:husk":1,"minecraft:skeleton":1,"minecraft:creeper":1},"minecraft:broken":{"minecraft:stone_axe":1},"minecraft:mined":{"minecraft:dark_oak_planks":2,"minecraft:dark_prismarine":10,"minecraft:tuff":4,"minecraft:spruce_planks":2,"minecraft:red_bed":1,"minecraft:blackstone":2,"minecraft:medium_amethyst_bud":1,"minecraft:soul_fire":1,"minecraft:jungle_leaves":12,"minecraft:warped_door":1,"minecraft:sea_lantern":3,"minecraft:warped_stairs":3,"minecraft:smooth_sandstone":6,"minecraft:spruce_trapdoor":1,"gravestone:gravestone":4,"minecraft:grass_block":10,"minecraft:calcite":4,"minecraft:campfire":4,"minecraft:purple_stained_glass_pane":2,"minecraft:soul_soil":1,"minecraft:copper_ore":3,"minecraft:cobblestone":2,"minecraft:stripped_warped_hyphae":3,"minecraft:oak_planks":12,"minecraft:sugar_cane":2,"minecraft:diorite":38,"minecraft:spawner":4,"minecraft:smooth_stone":5,"minecraft:spruce_stairs":9,"minecraft:dark_oak_slab":1,"minecraft:jungle_wood":11,"minecraft:stripped_spruce_wood":8,"minecraft:warped_planks":5,"minecraft:birch_log":2,"minecraft:iron_ore":13,"minecraft:barrel":3,"minecraft:gray_wall_banner":1,"minecraft:andesite":1,"minecraft:stone_brick_stairs":1,"minecraft:yellow_bed":1,"minecraft:peony":22,"minecraft:grass":20,"minecraft:oak_log":89,"minecraft:coal_ore":93,"minecraft:lantern":1,"minecraft:ochre_froglight":2,"minecraft:iron_bars":1,"minecraft:oak_stairs":1,"minecraft:deepslate_brick_stairs":1,"minecraft:flower_pot":1,"minecraft:gravel":12,"minecraft:dirt":17,"minecraft:gray_carpet":1,"minecraft:smooth_sandstone_stairs":1,"minecraft:spruce_slab":8,"minecraft:stone_bricks":2,"minecraft:deepslate":6,"minecraft:warped_trapdoor":5,"minecraft:stone":267,"minecraft:birch_pressure_plate":1,"minecraft:bone_block":77,"minecraft:white_wool":1,"minecraft:oak_leaves":17,"minecraft:fern":1},"minecraft:killed":{"minecraft:sheep":3,"minecraft:zombie":1,"minecraft:cow":4},"minecraft:crafted":{"minecraft:oak_planks":328,"minecraft:crafting_table":1,"minecraft:stone_axe":1,"minecraft:oak_boat":1,"minecraft:stick":20},"minecraft:picked_up":{"minecraft:birch_log":4,"minecraft:charcoal":8,"minecraft:flower_pot":1,"minecraft:leather":4,"minecraft:jungle_wood":11,"minecraft:stripped_spruce_wood":6,"minecraft:oak_log":83,"gravestone:obituary":1,"minecraft:warped_stairs":3,"minecraft:yellow_bed":1,"minecraft:shield":2,"minecraft:dirt":59,"minecraft:raw_copper":9,"minecraft:smooth_sandstone":6,"minecraft:beef":10,"minecraft:oak_boat":1,"minecraft:iron_pickaxe":1,"minecraft:sugar_cane":2,"minecraft:oak_planks":15,"minecraft:stick":1,"minecraft:raw_iron":13,"minecraft:spruce_stairs":9,"minecraft:spruce_fence":1,"minecraft:gravel":22,"minecraft:diorite":12,"minecraft:prismarine_crystals":2,"minecraft:dark_prismarine":9,"minecraft:rotten_flesh":6,"minecraft:stone_axe":1,"minecraft:peony":22,"immersive_melodies:flute":2,"minecraft:bread":8,"supplementaries:ash":1,"minecraft:black_wool":1,"minecraft:mutton":5,"minecraft:white_wool":3,"minecraft:coal":88,"minecraft:bone_block":64,"minecraft:cobblestone":221}},"DataVersion":3465}