{"stats":{"minecraft:used":{"minecraft:oak_planks":38,"minecraft:shield":2,"minecraft:chainmail_helmet":3,"minecraft:dirt":20,"minecraft:crafting_table":1,"minecraft:bread":8,"minecraft:iron_pickaxe":488,"minecraft:iron_helmet":4,"minecraft:iron_boots":1,"minecraft:stone_axe":160,"minecraft:birch_log":2,"minecraft:oak_boat":2,"minecraft:iron_leggings":1},"minecraft:dropped":{"minecraft:gravel":11,"minecraft:stone_axe":1,"simplyswords:iron_twinblade":1,"minecraft:cobblestone":2,"minecraft:rotten_flesh":4,"minecraft:oak_planks":3,"minecraft:chainmail_helmet":1,"minecraft:music_disc_13":1,"minecraft:dirt":3,"minecraft:shield":1,"minecraft:peony":1,"minecraft:birch_log":2},"minecraft:custom":{"minecraft:mob_kills":7,"minecraft:interact_with_crafting_table":3,"minecraft:open_barrel":5,"minecraft:leave_game":2,"minecraft:time_since_death":12648,"minecraft:sleep_in_bed":7,"minecraft:climb_one_cm":3273,"minecraft:time_since_rest":12703,"minecraft:sprint_one_cm":50648,"minecraft:damage_taken":1191,"minecraft:walk_one_cm":412071,"minecraft:damage_blocked_by_shield":80,"minecraft:drop":18,"minecraft:damage_dealt":640,"minecraft:swim_one_cm":209363,"minecraft:fly_one_cm":23797,"minecraft:open_chest":27,"minecraft:crouch_one_cm":310,"minecraft:play_time":159301,"minecraft:deaths":3,"minecraft:sneak_time":68,"minecraft:walk_under_water_one_cm":27953,"minecraft:boat_one_cm":744386,"minecraft:jump":1377,"minecraft:walk_on_water_one_cm":70442,"minecraft:total_world_time":159301,"minecraft:fall_one_cm":21318},"minecraft:killed_by":{"minecraft:vindicator":1,"minecraft:husk":1,"minecraft:skeleton":1},"minecraft:broken":{"minecraft:stone_axe":1},"minecraft:mined":{"minecraft:dark_oak_planks":2,"minecraft:dark_prismarine":5,"minecraft:jungle_leaves":12,"minecraft:sea_lantern":2,"minecraft:warped_stairs":2,"minecraft:smooth_sandstone":2,"gravestone:gravestone":3,"minecraft:grass_block":9,"minecraft:purple_stained_glass_pane":2,"minecraft:copper_ore":3,"minecraft:stripped_warped_hyphae":3,"minecraft:oak_planks":6,"minecraft:sugar_cane":2,"minecraft:diorite":13,"minecraft:spawner":3,"minecraft:spruce_stairs":1,"minecraft:jungle_wood":11,"minecraft:stripped_spruce_wood":2,"minecraft:warped_planks":4,"minecraft:birch_log":2,"minecraft:iron_ore":13,"minecraft:yellow_bed":1,"minecraft:peony":22,"minecraft:grass":19,"minecraft:oak_log":89,"minecraft:coal_ore":68,"minecraft:oak_stairs":1,"minecraft:gravel":12,"minecraft:dirt":8,"minecraft:warped_trapdoor":2,"minecraft:stone":235,"minecraft:bone_block":77,"minecraft:oak_leaves":17,"minecraft:fern":1},"minecraft:killed":{"minecraft:sheep":3,"minecraft:cow":4},"minecraft:crafted":{"minecraft:oak_planks":328,"minecraft:crafting_table":1,"minecraft:stone_axe":1,"minecraft:oak_boat":1,"minecraft:stick":20},"minecraft:picked_up":{"minecraft:birch_log":4,"minecraft:leather":4,"minecraft:jungle_wood":11,"minecraft:stripped_spruce_wood":2,"minecraft:oak_log":83,"minecraft:warped_stairs":2,"minecraft:yellow_bed":1,"minecraft:shield":2,"minecraft:dirt":36,"minecraft:raw_copper":9,"minecraft:smooth_sandstone":2,"minecraft:beef":10,"minecraft:oak_boat":1,"minecraft:sugar_cane":2,"minecraft:oak_planks":7,"minecraft:stick":1,"minecraft:raw_iron":13,"minecraft:spruce_stairs":1,"minecraft:spruce_fence":1,"minecraft:gravel":22,"minecraft:dark_prismarine":5,"minecraft:rotten_flesh":6,"minecraft:stone_axe":1,"minecraft:peony":22,"minecraft:bread":8,"supplementaries:ash":1,"minecraft:black_wool":1,"minecraft:mutton":5,"minecraft:white_wool":2,"minecraft:coal":63,"minecraft:bone_block":64,"minecraft:cobblestone":197}},"DataVersion":3465}