{"stats":{"minecraft:used":{"minecraft:bread":4,"minecraft:oak_planks":16,"minecraft:iron_pickaxe":160,"minecraft:iron_helmet":1,"minecraft:iron_boots":1,"minecraft:stone_axe":122,"minecraft:dirt":20,"minecraft:oak_boat":1,"minecraft:iron_leggings":1},"minecraft:dropped":{"minecraft:oak_planks":2},"minecraft:custom":{"minecraft:time_since_rest":2092,"minecraft:sprint_one_cm":28692,"minecraft:damage_taken":175,"minecraft:walk_one_cm":140476,"minecraft:mob_kills":4,"minecraft:drop":2,"minecraft:damage_dealt":400,"minecraft:swim_one_cm":22035,"minecraft:interact_with_crafting_table":2,"minecraft:fly_one_cm":12347,"minecraft:open_chest":2,"minecraft:crouch_one_cm":42,"minecraft:play_time":69301,"minecraft:sneak_time":21,"minecraft:walk_under_water_one_cm":14295,"minecraft:boat_one_cm":9360,"minecraft:jump":504,"minecraft:leave_game":2,"minecraft:walk_on_water_one_cm":29411,"minecraft:time_since_death":69301,"minecraft:sleep_in_bed":5,"minecraft:total_world_time":69301,"minecraft:fall_one_cm":8836},"minecraft:broken":{"minecraft:stone_axe":1},"minecraft:mined":{"minecraft:birch_log":2,"minecraft:peony":22,"minecraft:grass":16,"minecraft:grass_block":2,"minecraft:oak_log":85,"minecraft:gravel":12,"minecraft:copper_ore":3,"minecraft:stone":118,"minecraft:sugar_cane":2,"minecraft:oak_leaves":17},"minecraft:killed":{"minecraft:cow":4},"minecraft:crafted":{"minecraft:oak_boat":1,"minecraft:oak_planks":328,"minecraft:stick":20},"minecraft:picked_up":{"minecraft:birch_log":2,"minecraft:stick":1,"minecraft:leather":4,"minecraft:gravel":11,"minecraft:oak_log":83,"minecraft:dirt":21,"minecraft:raw_copper":9,"minecraft:rotten_flesh":2,"minecraft:peony":21,"minecraft:beef":10,"minecraft:bread":8,"supplementaries:ash":1,"minecraft:sugar_cane":2,"minecraft:oak_planks":2,"minecraft:cobblestone":117}},"DataVersion":3465}