{"stats":{"minecraft:used":{"minecraft:oak_planks":43,"minecraft:shield":2,"minecraft:chainmail_helmet":3,"minecraft:dirt":20,"minecraft:crafting_table":1,"minecraft:bread":8,"minecraft:iron_pickaxe":560,"minecraft:iron_helmet":4,"minecraft:iron_boots":1,"minecraft:stone_axe":179,"minecraft:birch_log":2,"minecraft:oak_boat":2,"minecraft:iron_leggings":1},"minecraft:dropped":{"minecraft:gravel":11,"minecraft:stone_axe":1,"simplyswords:iron_twinblade":1,"minecraft:cobblestone":2,"minecraft:rotten_flesh":6,"minecraft:oak_planks":3,"minecraft:chainmail_helmet":1,"minecraft:music_disc_13":1,"minecraft:dirt":3,"minecraft:shield":1,"minecraft:peony":1,"gravestone:obituary":1,"minecraft:birch_log":2},"minecraft:custom":{"minecraft:mob_kills":7,"minecraft:interact_with_crafting_table":3,"minecraft:open_barrel":10,"minecraft:leave_game":2,"minecraft:time_since_death":7825,"minecraft:sleep_in_bed":7,"minecraft:climb_one_cm":3273,"minecraft:time_since_rest":7873,"minecraft:sprint_one_cm":63082,"minecraft:damage_taken":1575,"minecraft:walk_one_cm":460138,"minecraft:damage_blocked_by_shield":80,"minecraft:drop":21,"minecraft:damage_dealt":640,"minecraft:swim_one_cm":214429,"minecraft:fly_one_cm":27516,"minecraft:open_chest":32,"minecraft:crouch_one_cm":310,"minecraft:play_time":171301,"minecraft:deaths":4,"minecraft:sneak_time":68,"minecraft:walk_under_water_one_cm":29517,"minecraft:boat_one_cm":796039,"minecraft:jump":1490,"minecraft:walk_on_water_one_cm":71257,"minecraft:total_world_time":171301,"minecraft:fall_one_cm":27375},"minecraft:killed_by":{"minecraft:vindicator":1,"minecraft:husk":1,"minecraft:skeleton":1,"minecraft:creeper":1},"minecraft:broken":{"minecraft:stone_axe":1},"minecraft:mined":{"minecraft:dark_oak_planks":2,"minecraft:dark_prismarine":9,"minecraft:tuff":4,"minecraft:spruce_planks":2,"minecraft:blackstone":2,"minecraft:medium_amethyst_bud":1,"minecraft:soul_fire":1,"minecraft:jungle_leaves":12,"minecraft:sea_lantern":3,"minecraft:warped_stairs":3,"minecraft:smooth_sandstone":3,"minecraft:spruce_trapdoor":1,"gravestone:gravestone":4,"minecraft:grass_block":10,"minecraft:calcite":4,"minecraft:campfire":4,"minecraft:purple_stained_glass_pane":2,"minecraft:soul_soil":1,"minecraft:copper_ore":3,"minecraft:cobblestone":2,"minecraft:stripped_warped_hyphae":3,"minecraft:oak_planks":9,"minecraft:sugar_cane":2,"minecraft:diorite":23,"minecraft:spawner":3,"minecraft:smooth_stone":5,"minecraft:spruce_stairs":5,"minecraft:dark_oak_slab":1,"minecraft:jungle_wood":11,"minecraft:stripped_spruce_wood":2,"minecraft:warped_planks":4,"minecraft:birch_log":2,"minecraft:iron_ore":13,"minecraft:barrel":1,"minecraft:gray_wall_banner":1,"minecraft:andesite":1,"minecraft:stone_brick_stairs":1,"minecraft:yellow_bed":1,"minecraft:peony":22,"minecraft:grass":19,"minecraft:oak_log":89,"minecraft:coal_ore":68,"minecraft:ochre_froglight":2,"minecraft:iron_bars":1,"minecraft:oak_stairs":1,"minecraft:deepslate_brick_stairs":1,"minecraft:flower_pot":1,"minecraft:gravel":12,"minecraft:dirt":17,"minecraft:gray_carpet":1,"minecraft:stone_bricks":2,"minecraft:deepslate":6,"minecraft:warped_trapdoor":5,"minecraft:stone":241,"minecraft:birch_pressure_plate":1,"minecraft:bone_block":77,"minecraft:white_wool":1,"minecraft:oak_leaves":17,"minecraft:fern":1},"minecraft:killed":{"minecraft:sheep":3,"minecraft:cow":4},"minecraft:crafted":{"minecraft:oak_planks":328,"minecraft:crafting_table":1,"minecraft:stone_axe":1,"minecraft:oak_boat":1,"minecraft:stick":20},"minecraft:picked_up":{"minecraft:birch_log":4,"minecraft:charcoal":8,"minecraft:flower_pot":1,"minecraft:leather":4,"minecraft:jungle_wood":11,"minecraft:stripped_spruce_wood":2,"minecraft:oak_log":83,"gravestone:obituary":1,"minecraft:warped_stairs":3,"minecraft:yellow_bed":1,"minecraft:shield":2,"minecraft:dirt":59,"minecraft:raw_copper":9,"minecraft:smooth_sandstone":3,"minecraft:beef":10,"minecraft:oak_boat":1,"minecraft:sugar_cane":2,"minecraft:oak_planks":12,"minecraft:stick":1,"minecraft:raw_iron":13,"minecraft:spruce_stairs":5,"minecraft:spruce_fence":1,"minecraft:gravel":22,"minecraft:prismarine_crystals":2,"minecraft:dark_prismarine":8,"minecraft:rotten_flesh":6,"minecraft:stone_axe":1,"minecraft:peony":22,"minecraft:bread":8,"supplementaries:ash":1,"minecraft:black_wool":1,"minecraft:mutton":5,"minecraft:white_wool":3,"minecraft:coal":63,"minecraft:bone_block":64,"minecraft:cobblestone":197}},"DataVersion":3465}