{"stats":{"minecraft:used":{"minecraft:decorated_pot":1,"minecraft:shield":24,"minecraft:rotten_flesh":6,"minecraft:iron_chestplate":1,"minecraft:torch":17,"minecraft:dirt":133,"minecraft:mutton":4,"minecraft:wooden_axe":50,"minecraft:lantern":1,"minecraft:iron_axe":2,"minecraft:smooth_basalt":2,"minecraft:bow":2,"minecraft:beef":1,"minecraft:furnace":2,"comforts:sleeping_bag_white":1,"minecraft:cobbled_deepslate":18,"minecraft:calcite":3,"minecraft:birch_planks":4,"minecraft:stone_pickaxe":270,"minecraft:wooden_pickaxe":94,"minecraft:crafting_table":5,"simplyswords:iron_twinblade":4,"minecraft:white_bed":2,"minecraft:birch_fence":4,"minecraft:apple":4,"minecraft:chicken":3,"minecraft:iron_pickaxe":13,"minecraft:stone_axe":149,"minecraft:cobblestone":83,"minecraft:oak_boat":2},"minecraft:dropped":{"minecraft:wheat_seeds":4,"minecraft:crafting_table":1,"minecraft:diorite":2,"gravestone:obituary":20,"minecraft:andesite":2,"minecraft:oak_sapling":6,"minecraft:blue_orchid":1},"minecraft:custom":{"minecraft:mob_kills":28,"minecraft:interact_with_crafting_table":19,"minecraft:open_barrel":1,"minecraft:leave_game":2,"minecraft:time_since_death":9041,"minecraft:climb_one_cm":187,"minecraft:sprint_one_cm":98850,"minecraft:walk_one_cm":438193,"minecraft:damage_blocked_by_shield":1665,"minecraft:drop":32,"minecraft:play_time":125259,"minecraft:deaths":15,"minecraft:sneak_time":7772,"minecraft:walk_under_water_one_cm":10570,"minecraft:boat_one_cm":238005,"minecraft:jump":2576,"minecraft:walk_on_water_one_cm":5703,"minecraft:total_world_time":125259,"minecraft:interact_with_furnace":14,"minecraft:sleep_in_bed":7,"minecraft:time_since_rest":9074,"minecraft:damage_taken":4778,"minecraft:damage_dealt":4103,"minecraft:swim_one_cm":7982,"minecraft:fly_one_cm":61084,"minecraft:open_chest":10,"minecraft:crouch_one_cm":7347,"minecraft:fall_one_cm":44995},"minecraft:killed_by":{"minecraft:creeper":3,"minecraft:skeleton":6,"minecraft:zombie":5},"minecraft:broken":{"minecraft:wooden_pickaxe":1,"minecraft:stone_pickaxe":1,"minecraft:shield":1,"minecraft:stone_axe":1,"minecraft:wooden_axe":1,"minecraft:bow":1},"minecraft:mined":{"minecraft:tuff":2,"minecraft:white_bed":2,"gravestone:gravestone":13,"minecraft:budding_amethyst":1,"minecraft:grass_block":71,"minecraft:decorated_pot":1,"minecraft:brown_mushroom_block":2,"minecraft:birch_slab":1,"minecraft:tall_seagrass":1,"minecraft:furnace":2,"minecraft:iron_ore":50,"minecraft:andesite":1,"minecraft:deepslate_lapis_ore":2,"minecraft:deepslate_iron_ore":15,"crittersandcompanions:silk_cocoon":2,"minecraft:stone":132,"minecraft:deepslate_redstone_ore":8,"minecraft:amethyst_cluster":1,"minecraft:crafting_table":4,"minecraft:calcite":3,"minecraft:mushroom_stem":1,"minecraft:cobblestone":10,"minecraft:oak_planks":7,"minecraft:diorite":1,"minecraft:amethyst_block":2,"minecraft:seagrass":1,"minecraft:birch_planks":9,"minecraft:birch_log":48,"minecraft:birch_leaves":3,"minecraft:grass":11,"minecraft:coal_ore":123,"minecraft:oak_log":16,"minecraft:dirt":65,"minecraft:smooth_basalt":2,"minecraft:oak_leaves":3,"minecraft:birch_fence":5,"minecraft:deepslate":19,"minecraft:infested_stone":1},"minecraft:killed":{"minecraft:skeleton":4,"minecraft:chicken":3,"minecraft:silverfish":1,"minecraft:zombie_villager":1,"minecraft:creeper":1,"minecraft:sheep":4,"minecraft:zombie":10,"minecraft:glow_squid":1,"minecraft:cow":1},"minecraft:crafted":{"minecraft:oak_planks":64,"minecraft:furnace":1,"minecraft:iron_axe":1,"minecraft:stone_pickaxe":3,"minecraft:crafting_table":2,"minecraft:wooden_pickaxe":2,"minecraft:birch_planks":88,"minecraft:stone_axe":3,"minecraft:oak_boat":1,"minecraft:iron_chestplate":1,"minecraft:shield":2,"minecraft:stick":40,"minecraft:iron_ingot":21,"minecraft:iron_pickaxe":1,"minecraft:wooden_axe":1,"minecraft:white_bed":1,"minecraft:torch":24},"minecraft:picked_up":{"minecraft:crafting_table":5,"minecraft:chicken":3,"gravestone:obituary":4,"minecraft:shield":1,"minecraft:amethyst_block":2,"minecraft:birch_fence":4,"minecraft:blue_orchid":1,"minecraft:cobbled_deepslate":23,"comforts:sleeping_bag_white":2,"minecraft:beef":1,"minecraft:oak_boat":2,"minecraft:calcite":3,"minecraft:iron_nugget":3,"minecraft:furnace":2,"minecraft:raw_iron":65,"minecraft:stick":2,"minecraft:torch":2,"minecraft:diorite":2,"minecraft:redstone":37,"minecraft:rotten_flesh":7,"minecraft:arrow":7,"minecraft:diamond_chestplate":1,"minecraft:decorated_pot":1,"minecraft:diamond_boots":1,"crittersandcompanions:silk":9,"supplementaries:ash":1,"minecraft:mutton":6,"minecraft:white_wool":5,"minecraft:cobblestone":139,"minecraft:birch_log":59,"minecraft:feather":1,"minecraft:glow_ink_sac":2,"minecraft:birch_slab":1,"minecraft:andesite":2,"minecraft:leather":2,"minecraft:birch_planks":10,"minecraft:tuff":2,"minecraft:oak_log":16,"minecraft:gunpowder":3,"minecraft:lapis_lazuli":10,"minecraft:dirt":162,"minecraft:lantern":1,"minecraft:bone":12,"minecraft:apple":11,"minecraft:bow":1,"minecraft:wheat_seeds":6,"minecraft:rabbit_hide":3,"minecraft:oak_planks":7,"minecraft:smooth_basalt":2,"minecraft:amethyst_shard":6,"minecraft:white_bed":2,"minecraft:spider_eye":2,"simplyswords:iron_twinblade":2,"minecraft:crossbow":1,"minecraft:oak_sapling":6,"minecraft:coal":123}},"DataVersion":3465}