{"stats":{"minecraft:crafted":{"minecraft:crafting_table":1,"minecraft:stick":8,"minecraft:wooden_axe":1,"minecraft:wooden_pickaxe":1,"minecraft:stone_pickaxe":1,"minecraft:birch_planks":20,"minecraft:stone_axe":1},"minecraft:picked_up":{"minecraft:birch_log":34,"minecraft:stick":2,"minecraft:crafting_table":2,"minecraft:feather":1,"minecraft:chicken":1,"minecraft:oak_log":16,"minecraft:dirt":5,"minecraft:lantern":1,"minecraft:arrow":1,"minecraft:bone":2,"minecraft:rotten_flesh":2,"minecraft:bow":1,"supplementaries:ash":1,"minecraft:oak_sapling":3,"minecraft:mutton":3,"minecraft:coal":19,"minecraft:white_wool":3,"minecraft:cobblestone":49},"minecraft:mined":{"minecraft:birch_log":25,"minecraft:birch_leaves":3,"minecraft:crafting_table":2,"gravestone:gravestone":1,"minecraft:grass":1,"minecraft:coal_ore":19,"minecraft:grass_block":3,"minecraft:oak_log":16,"minecraft:dirt":2,"minecraft:stone":50},"minecraft:killed_by":{"minecraft:creeper":1},"minecraft:used":{"minecraft:wooden_axe":50,"minecraft:lantern":1,"minecraft:stone_pickaxe":10,"minecraft:wooden_pickaxe":59,"minecraft:stone_axe":2,"minecraft:crafting_table":2},"minecraft:dropped":{"gravestone:obituary":1},"minecraft:killed":{"minecraft:skeleton":1,"minecraft:sheep":2,"minecraft:zombie":1,"minecraft:chicken":1},"minecraft:custom":{"minecraft:time_since_rest":5683,"minecraft:sprint_one_cm":3204,"minecraft:damage_taken":465,"minecraft:walk_one_cm":37839,"minecraft:mob_kills":6,"minecraft:drop":1,"minecraft:damage_dealt":720,"minecraft:interact_with_crafting_table":3,"minecraft:fly_one_cm":2595,"minecraft:crouch_one_cm":122,"minecraft:play_time":14649,"minecraft:deaths":1,"minecraft:sneak_time":153,"minecraft:jump":140,"minecraft:time_since_death":5636,"minecraft:total_world_time":14649,"minecraft:fall_one_cm":1790},"minecraft:broken":{"minecraft:wooden_axe":1,"minecraft:wooden_pickaxe":1}},"DataVersion":3465}