{"stats":{"minecraft:broken":{"minecraft:stone_pickaxe":1,"minecraft:shield":1,"minecraft:stone_axe":1,"minecraft:wooden_axe":1,"minecraft:bow":1,"minecraft:wooden_pickaxe":1},"minecraft:killed":{"minecraft:zombie_villager":1,"minecraft:creeper":1,"minecraft:skeleton":3,"minecraft:sheep":2,"minecraft:zombie":6,"minecraft:chicken":1,"minecraft:silverfish":1,"minecraft:glow_squid":1},"minecraft:killed_by":{"minecraft:skeleton":6,"minecraft:creeper":2,"minecraft:zombie":3},"minecraft:picked_up":{"minecraft:birch_log":50,"minecraft:crafting_table":5,"minecraft:feather":1,"minecraft:chicken":1,"minecraft:glow_ink_sac":2,"minecraft:andesite":2,"minecraft:birch_planks":6,"minecraft:tuff":2,"minecraft:oak_log":16,"gravestone:obituary":1,"minecraft:shield":1,"minecraft:gunpowder":3,"minecraft:amethyst_block":2,"minecraft:lapis_lazuli":10,"minecraft:dirt":144,"minecraft:lantern":1,"minecraft:bone":12,"minecraft:birch_fence":4,"minecraft:blue_orchid":1,"minecraft:bow":1,"minecraft:wheat_seeds":4,"minecraft:cobbled_deepslate":23,"minecraft:rabbit_hide":3,"minecraft:calcite":3,"minecraft:iron_nugget":3,"minecraft:furnace":2,"minecraft:stick":2,"minecraft:raw_iron":61,"minecraft:smooth_basalt":2,"minecraft:torch":2,"minecraft:amethyst_shard":6,"minecraft:diorite":2,"minecraft:white_bed":2,"minecraft:redstone":37,"minecraft:spider_eye":2,"simplyswords:iron_twinblade":2,"minecraft:arrow":6,"minecraft:rotten_flesh":7,"minecraft:decorated_pot":1,"minecraft:diamond_boots":1,"crittersandcompanions:silk":9,"minecraft:crossbow":1,"supplementaries:ash":1,"minecraft:oak_sapling":6,"minecraft:mutton":3,"minecraft:coal":123,"minecraft:white_wool":3,"minecraft:cobblestone":101},"minecraft:crafted":{"minecraft:oak_planks":64,"minecraft:crafting_table":2,"minecraft:wooden_pickaxe":1,"minecraft:furnace":1,"minecraft:birch_planks":64,"minecraft:stone_axe":2,"minecraft:iron_chestplate":1,"minecraft:shield":1,"minecraft:iron_axe":1,"minecraft:stick":20,"minecraft:iron_ingot":17,"minecraft:iron_pickaxe":1,"minecraft:stone_pickaxe":2,"minecraft:wooden_axe":1,"minecraft:white_bed":1,"minecraft:torch":24},"minecraft:custom":{"minecraft:interact_with_furnace":12,"minecraft:mob_kills":18,"minecraft:interact_with_crafting_table":15,"minecraft:open_barrel":1,"minecraft:leave_game":1,"minecraft:time_since_death":2391,"minecraft:sleep_in_bed":4,"minecraft:climb_one_cm":114,"minecraft:time_since_rest":2432,"minecraft:sprint_one_cm":33701,"minecraft:damage_taken":3749,"minecraft:walk_one_cm":317852,"minecraft:damage_blocked_by_shield":1665,"minecraft:drop":26,"minecraft:damage_dealt":3121,"minecraft:swim_one_cm":4918,"minecraft:fly_one_cm":26053,"minecraft:open_chest":2,"minecraft:crouch_one_cm":6822,"minecraft:play_time":89743,"minecraft:sneak_time":6778,"minecraft:deaths":12,"minecraft:walk_under_water_one_cm":7791,"minecraft:jump":1881,"minecraft:walk_on_water_one_cm":977,"minecraft:total_world_time":89743,"minecraft:fall_one_cm":34856},"minecraft:mined":{"minecraft:deepslate_redstone_ore":8,"minecraft:tuff":2,"minecraft:white_bed":2,"minecraft:amethyst_cluster":1,"minecraft:crafting_table":4,"gravestone:gravestone":9,"minecraft:budding_amethyst":1,"minecraft:grass_block":66,"minecraft:calcite":3,"minecraft:decorated_pot":1,"minecraft:brown_mushroom_block":2,"minecraft:cobblestone":10,"minecraft:diorite":1,"minecraft:amethyst_block":2,"minecraft:birch_planks":5,"minecraft:furnace":2,"minecraft:birch_log":39,"minecraft:iron_ore":46,"minecraft:birch_leaves":3,"minecraft:andesite":1,"minecraft:deepslate_lapis_ore":2,"minecraft:grass":4,"minecraft:oak_log":16,"minecraft:coal_ore":123,"minecraft:deepslate_iron_ore":15,"crittersandcompanions:silk_cocoon":2,"minecraft:dirt":52,"minecraft:smooth_basalt":2,"minecraft:stone":94,"minecraft:deepslate":19,"minecraft:birch_fence":5,"minecraft:infested_stone":1},"minecraft:used":{"minecraft:calcite":3,"minecraft:birch_planks":4,"minecraft:stone_pickaxe":262,"minecraft:wooden_pickaxe":59,"minecraft:decorated_pot":1,"minecraft:shield":24,"minecraft:rotten_flesh":6,"minecraft:iron_chestplate":1,"minecraft:torch":17,"minecraft:dirt":112,"minecraft:mutton":3,"minecraft:crafting_table":5,"simplyswords:iron_twinblade":4,"minecraft:white_bed":2,"minecraft:birch_fence":4,"minecraft:wooden_axe":50,"minecraft:chicken":1,"minecraft:lantern":1,"minecraft:iron_axe":2,"minecraft:iron_pickaxe":13,"minecraft:smooth_basalt":2,"minecraft:stone_axe":79,"minecraft:cobblestone":77,"minecraft:bow":2,"minecraft:furnace":2,"minecraft:cobbled_deepslate":18},"minecraft:dropped":{"minecraft:wheat_seeds":4,"minecraft:crafting_table":1,"minecraft:diorite":2,"minecraft:andesite":2,"minecraft:oak_sapling":6,"gravestone:obituary":14,"minecraft:blue_orchid":1}},"DataVersion":3465}