{"stats":{"minecraft:used":{"simplyswords:iron_claymore":31,"minecraft:iron_shovel":105,"minecraft:chest":1,"minecraft:decorated_pot":1,"minecraft:shield":38,"minecraft:iron_sword":7,"minecraft:rotten_flesh":6,"minecraft:iron_chestplate":1,"minecraft:torch":30,"minecraft:dirt":273,"minecraft:mutton":6,"minecraft:wooden_axe":50,"minecraft:lantern":3,"minecraft:iron_axe":15,"minecraft:smooth_basalt":2,"minecraft:bow":2,"minecraft:beef":1,"minecraft:furnace":2,"minecraft:egg":1,"comforts:sleeping_bag_white":2,"minecraft:cobbled_deepslate":18,"minecraft:oak_chest_boat":1,"minecraft:calcite":3,"minecraft:iron_ore":20,"minecraft:birch_planks":5,"minecraft:stone_pickaxe":301,"minecraft:oak_planks":41,"minecraft:wooden_pickaxe":94,"minecraft:crafting_table":5,"simplyswords:iron_twinblade":4,"minecraft:white_bed":2,"minecraft:birch_fence":4,"minecraft:apple":18,"minecraft:bread":1,"minecraft:chicken":3,"minecraft:iron_pickaxe":23,"simplyswords:iron_sai":1,"minecraft:stone_axe":155,"minecraft:cobblestone":83,"minecraft:bucket":1,"minecraft:oak_boat":6},"minecraft:dropped":{"minecraft:wheat_seeds":4,"minecraft:crafting_table":1,"minecraft:stripped_warped_hyphae":1,"minecraft:diorite":2,"gravestone:obituary":23,"minecraft:dark_oak_planks":1,"simplyswords:iron_sai":1,"immersive_melodies:flute":1,"minecraft:rotten_flesh":9,"minecraft:filled_map":3,"minecraft:andesite":2,"minecraft:oak_sapling":7,"minecraft:blue_orchid":1},"minecraft:custom":{"minecraft:mob_kills":38,"minecraft:interact_with_crafting_table":30,"minecraft:open_barrel":27,"minecraft:leave_game":2,"minecraft:time_since_death":84731,"minecraft:climb_one_cm":6312,"minecraft:sprint_one_cm":117510,"minecraft:walk_one_cm":721744,"minecraft:damage_blocked_by_shield":2235,"minecraft:drop":44,"minecraft:talked_to_villager":1,"minecraft:play_time":227259,"minecraft:deaths":17,"minecraft:sneak_time":9324,"minecraft:walk_under_water_one_cm":15650,"minecraft:boat_one_cm":882157,"minecraft:interact_with_lectern":7,"minecraft:jump":3445,"minecraft:walk_on_water_one_cm":18842,"minecraft:total_world_time":227259,"minecraft:interact_with_furnace":21,"minecraft:interact_with_stonecutter":1,"minecraft:sleep_in_bed":14,"minecraft:time_since_rest":17214,"minecraft:damage_taken":5820,"minecraft:damage_dealt":6127,"minecraft:swim_one_cm":21239,"minecraft:fly_one_cm":178299,"minecraft:open_chest":65,"minecraft:crouch_one_cm":10470,"minecraft:fall_one_cm":52656},"minecraft:killed_by":{"minecraft:husk":1,"minecraft:player":1,"minecraft:creeper":3,"minecraft:skeleton":6,"minecraft:zombie":5},"minecraft:broken":{"minecraft:wooden_pickaxe":1,"minecraft:stone_pickaxe":1,"minecraft:shield":1,"minecraft:stone_axe":2,"minecraft:wooden_axe":1,"minecraft:bow":1},"minecraft:mined":{"minecraft:dark_oak_planks":1,"minecraft:dark_prismarine":1,"minecraft:tuff":2,"minecraft:white_bed":2,"gravestone:gravestone":15,"minecraft:budding_amethyst":1,"minecraft:grass_block":118,"minecraft:decorated_pot":1,"minecraft:brown_mushroom_block":2,"minecraft:birch_slab":1,"minecraft:stripped_warped_hyphae":2,"minecraft:spawner":2,"minecraft:hay_block":30,"minecraft:tall_seagrass":1,"minecraft:furnace":2,"minecraft:iron_ore":69,"minecraft:andesite":1,"minecraft:deepslate_lapis_ore":2,"minecraft:deepslate_iron_ore":15,"crittersandcompanions:silk_cocoon":2,"minecraft:stone":134,"minecraft:bone_block":17,"minecraft:deepslate_redstone_ore":8,"minecraft:amethyst_cluster":1,"minecraft:crafting_table":4,"minecraft:calcite":3,"minecraft:mushroom_stem":1,"minecraft:tall_grass":1,"minecraft:cobblestone":10,"minecraft:oak_planks":7,"minecraft:diorite":1,"minecraft:amethyst_block":2,"minecraft:seagrass":1,"minecraft:birch_planks":9,"minecraft:warped_planks":3,"minecraft:birch_log":48,"minecraft:birch_leaves":3,"minecraft:grass":34,"minecraft:coal_ore":123,"minecraft:oak_log":34,"minecraft:dirt":183,"minecraft:smooth_basalt":2,"minecraft:oak_leaves":5,"minecraft:birch_fence":5,"minecraft:deepslate":19,"minecraft:infested_stone":1},"minecraft:killed":{"creeperoverhaul:bamboo_creeper":1,"minecraft:skeleton":11,"minecraft:chicken":3,"minecraft:silverfish":1,"minecraft:husk":1,"minecraft:zombie_villager":1,"minecraft:creeper":1,"minecraft:sheep":4,"minecraft:pillager":1,"minecraft:zombie":10,"minecraft:glow_squid":1,"minecraft:cow":1},"minecraft:picked_up":{"minecraft:crafting_table":5,"minecraft:stripped_warped_hyphae":1,"minecraft:chicken":3,"simplyswords:iron_sai":1,"gravestone:obituary":5,"minecraft:shield":1,"minecraft:amethyst_block":2,"minecraft:birch_fence":4,"minecraft:blue_orchid":1,"minecraft:sea_pickle":2,"minecraft:cobbled_deepslate":23,"comforts:sleeping_bag_white":3,"minecraft:beef":1,"minecraft:oak_boat":3,"minecraft:calcite":3,"minecraft:iron_nugget":3,"minecraft:egg":1,"minecraft:furnace":2,"minecraft:raw_iron":80,"minecraft:stick":4,"minecraft:torch":2,"minecraft:diorite":2,"minecraft:redstone":37,"minecraft:prismarine_crystals":3,"minecraft:dark_oak_planks":1,"minecraft:rotten_flesh":8,"minecraft:arrow":22,"minecraft:diamond_chestplate":1,"minecraft:decorated_pot":1,"minecraft:hay_block":30,"minecraft:diamond_boots":1,"crittersandcompanions:silk":9,"supplementaries:ash":1,"minecraft:mutton":6,"minecraft:bone_block":11,"minecraft:white_wool":5,"minecraft:cobblestone":139,"minecraft:birch_log":59,"minecraft:feather":1,"minecraft:glow_ink_sac":2,"minecraft:birch_slab":1,"minecraft:andesite":2,"minecraft:leather":2,"minecraft:filled_map":3,"minecraft:birch_planks":10,"simplyswords:iron_claymore":1,"minecraft:tuff":2,"minecraft:oak_log":34,"minecraft:gunpowder":3,"minecraft:lapis_lazuli":10,"minecraft:dirt":326,"minecraft:lantern":4,"minecraft:bone":22,"minecraft:apple":12,"minecraft:bow":1,"minecraft:wheat_seeds":11,"minecraft:rabbit_hide":3,"minecraft:iron_ore":4,"minecraft:oak_planks":7,"minecraft:smooth_basalt":2,"minecraft:music_disc_13":1,"minecraft:amethyst_shard":6,"minecraft:white_bed":2,"minecraft:spider_eye":2,"simplyswords:iron_twinblade":2,"minecraft:crossbow":1,"minecraft:spruce_sign":1,"minecraft:emerald":2,"minecraft:oak_sapling":7,"minecraft:coal":123},"minecraft:crafted":{"hangglider:glider_framework":1,"simplyswords:iron_sai":1,"minecraft:oak_planks":136,"hangglider:hang_glider":1,"minecraft:furnace":1,"immersive_melodies:flute":1,"hangglider:glider_wing":2,"immersive_melodies:piano":1,"minecraft:iron_axe":2,"minecraft:stone_pickaxe":3,"minecraft:chest":2,"minecraft:crafting_table":2,"minecraft:wooden_pickaxe":2,"minecraft:birch_planks":100,"minecraft:stone_axe":3,"minecraft:oak_boat":4,"minecraft:oak_chest_boat":1,"minecraft:iron_chestplate":1,"minecraft:shield":2,"minecraft:stick":40,"minecraft:iron_ingot":71,"minecraft:iron_pickaxe":1,"minecraft:wooden_axe":1,"minecraft:white_bed":1,"minecraft:note_block":3,"minecraft:torch":92}},"DataVersion":3465}