{"stats":{"minecraft:crafted":{"minecraft:oak_planks":64,"minecraft:crafting_table":2,"minecraft:wooden_pickaxe":1,"minecraft:furnace":1,"minecraft:birch_planks":20,"minecraft:stone_axe":2,"minecraft:iron_chestplate":1,"minecraft:shield":1,"minecraft:iron_axe":1,"minecraft:stick":20,"minecraft:iron_ingot":17,"minecraft:iron_pickaxe":1,"minecraft:stone_pickaxe":2,"minecraft:wooden_axe":1,"minecraft:white_bed":1,"minecraft:torch":24},"minecraft:picked_up":{"minecraft:birch_log":34,"minecraft:crafting_table":4,"minecraft:feather":1,"minecraft:chicken":1,"minecraft:glow_ink_sac":2,"minecraft:andesite":1,"minecraft:tuff":2,"minecraft:oak_log":16,"minecraft:gunpowder":2,"minecraft:lapis_lazuli":10,"minecraft:dirt":5,"minecraft:lantern":1,"minecraft:bone":5,"minecraft:bow":1,"minecraft:cobbled_deepslate":19,"minecraft:rabbit_hide":3,"minecraft:furnace":2,"minecraft:stick":2,"minecraft:raw_iron":53,"minecraft:torch":2,"minecraft:diorite":1,"minecraft:white_bed":1,"minecraft:redstone":37,"minecraft:arrow":1,"minecraft:rotten_flesh":6,"minecraft:decorated_pot":1,"minecraft:diamond_boots":1,"crittersandcompanions:silk":4,"supplementaries:ash":1,"minecraft:oak_sapling":3,"minecraft:mutton":3,"minecraft:coal":115,"minecraft:white_wool":3,"minecraft:cobblestone":100},"minecraft:mined":{"minecraft:deepslate_redstone_ore":8,"minecraft:tuff":2,"minecraft:white_bed":1,"minecraft:crafting_table":4,"gravestone:gravestone":3,"minecraft:grass_block":3,"minecraft:decorated_pot":1,"minecraft:cobblestone":9,"minecraft:diorite":1,"minecraft:furnace":2,"minecraft:birch_log":25,"minecraft:iron_ore":42,"minecraft:andesite":1,"minecraft:birch_leaves":3,"minecraft:deepslate_lapis_ore":2,"minecraft:grass":1,"minecraft:oak_log":16,"minecraft:coal_ore":115,"minecraft:deepslate_iron_ore":11,"crittersandcompanions:silk_cocoon":1,"minecraft:dirt":2,"minecraft:stone":94,"minecraft:deepslate":19,"minecraft:infested_stone":1},"minecraft:killed_by":{"minecraft:skeleton":1,"minecraft:creeper":1,"minecraft:zombie":2},"minecraft:used":{"minecraft:stone_pickaxe":238,"minecraft:decorated_pot":1,"minecraft:shield":8,"minecraft:wooden_pickaxe":59,"minecraft:rotten_flesh":6,"minecraft:iron_chestplate":1,"minecraft:torch":17,"minecraft:mutton":3,"minecraft:crafting_table":5,"minecraft:white_bed":1,"minecraft:wooden_axe":50,"minecraft:lantern":1,"minecraft:chicken":1,"minecraft:iron_pickaxe":11,"minecraft:stone_axe":73,"minecraft:bow":1,"minecraft:cobblestone":12,"minecraft:furnace":2,"minecraft:cobbled_deepslate":18},"minecraft:dropped":{"gravestone:obituary":3},"minecraft:killed":{"minecraft:zombie_villager":1,"minecraft:creeper":1,"minecraft:sheep":2,"minecraft:skeleton":1,"minecraft:zombie":6,"minecraft:chicken":1,"minecraft:silverfish":1,"minecraft:glow_squid":1},"minecraft:custom":{"minecraft:interact_with_furnace":12,"minecraft:mob_kills":15,"minecraft:interact_with_crafting_table":15,"minecraft:time_since_death":41,"minecraft:sleep_in_bed":1,"minecraft:time_since_rest":96,"minecraft:sprint_one_cm":10450,"minecraft:damage_taken":1404,"minecraft:walk_one_cm":158627,"minecraft:damage_blocked_by_shield":615,"minecraft:drop":3,"minecraft:damage_dealt":2487,"minecraft:swim_one_cm":4918,"minecraft:fly_one_cm":9868,"minecraft:crouch_one_cm":2643,"minecraft:play_time":50649,"minecraft:deaths":4,"minecraft:sneak_time":3546,"minecraft:walk_under_water_one_cm":7570,"minecraft:jump":754,"minecraft:walk_on_water_one_cm":826,"minecraft:total_world_time":50649,"minecraft:fall_one_cm":14408},"minecraft:broken":{"minecraft:stone_pickaxe":1,"minecraft:stone_axe":1,"minecraft:wooden_axe":1,"minecraft:wooden_pickaxe":1}},"DataVersion":3465}